   Compiling elaboration-zoo-lsp v0.1.0 (F:\projects\hermes\ezl-dpm-refactor)
warning: unused imports: `hash::Hash`, `marker::PhantomData`, and `ops::Add`
 --> src\parser_lib_resilient.rs:1:23
  |
1 | use std::{fmt::Debug, ops::Add, hash::Hash, marker::PhantomData};
  |                       ^^^^^^^^  ^^^^^^^^^^  ^^^^^^^^^^^^^^^^^^^
  |
  = note: `#[warn(unused_imports)]` (part of `#[warn(unused)]`) on by default

warning: unused imports: `Pattern` and `Severity`
 --> src\parser_lib_resilient.rs:3:43
  |
3 | pub use crate::parser_lib::{Span, ToSpan, Severity, Diagnostic, unescape, Pattern};
  |                                           ^^^^^^^^                        ^^^^^^^

warning: unused import: `crate::config::Config`
  --> src\doc\collect.rs:22:5
   |
22 | use crate::config::Config;
   |     ^^^^^^^^^^^^^^^^^^^^^

warning: unused import: `list::List`
 --> src\L07_sum_type\parser\syntax.rs:1:13
  |
1 | use crate::{list::List, parser_lib::Span};
  |             ^^^^^^^^^^

warning: unused import: `Closure`
 --> src\L08_product_type\cxt.rs:7:5
  |
7 |     Closure, Env, Infer, Ix, Lvl, Tm, Ty, Val, VTy,
  |     ^^^^^^^

warning: unused import: `list::List`
 --> src\L08_product_type\parser\syntax.rs:1:13
  |
1 | use crate::{list::List, parser_lib::Span};
  |             ^^^^^^^^^^

warning: unused imports: `Error` and `pretty::pretty_tm`
 --> src\L09_mltt\unification.rs:4:5
  |
4 |     Error, Infer, Lvl, MetaEntry, MetaVar, Spine, Tm, UnifyError, VTy, Val, cxt::Cxt, lvl2ix,
  |     ^^^^^
5 |     parser::syntax::Icit, syntax::Pruning, empty_span, pretty::pretty_tm,
  |                                                        ^^^^^^^^^^^^^^^^^

warning: unused imports: `HashMap` and `extract_base`
 --> src\L11_macro\parser\macros.rs:5:32
  |
5 | use super::{TokenNode, IError, HashMap, ErrMsg, BaseMsg, extract_base, string, p_raw, p_pi_binder, empty_span, owned_tokens_to_string...
  |                                ^^^^^^^                   ^^^^^^^^^^^^

warning: unused import: `pretty::pretty_tm`
 --> src\L11_macro\unification.rs:5:56
  |
5 |     parser::syntax::Icit, syntax::Pruning, empty_span, pretty::pretty_tm, typeclass::Assertion, Raw, Rc, Decl,
  |                                                        ^^^^^^^^^^^^^^^^^

warning: unused imports: `HashMap` and `extract_base`
 --> src\L12_canonical\parser\macros.rs:5:32
  |
5 | use super::{TokenNode, IError, HashMap, ErrMsg, BaseMsg, extract_base, string, p_raw, p_pi_binder, empty_span, owned_tokens_to_string...
  |                                ^^^^^^^                   ^^^^^^^^^^^^

warning: unused import: `pretty::pretty_tm`
 --> src\L12_canonical\unification.rs:7:56
  |
7 |     parser::syntax::Icit, syntax::Pruning, empty_span, pretty::pretty_tm, typeclass::Assertion, Raw, Rc, Decl,
  |                                                        ^^^^^^^^^^^^^^^^^

warning: unused import: `super::MetaVar as CMetaVar`
   --> src\L12_canonical\bump_spine_iter.rs:104:5
    |
104 | use super::MetaVar as CMetaVar;
    |     ^^^^^^^^^^^^^^^^^^^^^^^^^^

warning: unused doc comment
   --> src\L13_namespace\mod.rs:992:1
    |
992 | / /// `simpl_decl` 的 decl 缓存（自函数体提升至模块级）：`Drop for
993 | | /// PreludeSlot` 推池前要能清空它（见该处的约束注释）。
    | |_------------------------------------------------------^
    |   |
    |   rustdoc does not generate documentation for macro invocations
    |
    = help: to document an item produced by a macro, the macro must produce the documentation as part of its expansion
    = note: `#[warn(unused_doc_comments)]` (part of `#[warn(unused)]`) on by default

warning: unused import: `PrimFunc`
 --> src\L13_namespace\elaboration.rs:9:45
  |
9 |     Closure, Cxt, DeclTm, Error, Infer, Ix, PrimFunc, Tm, VTy, Val,
  |                                             ^^^^^^^^

warning: unused imports: `HashMap` and `extract_base`
 --> src\L13_namespace\parser\macros.rs:5:32
  |
5 | use super::{TokenNode, IError, HashMap, ErrMsg, BaseMsg, extract_base, string, p_raw, p_pi_binder, empty_span, owned_tokens_to_string...
  |                                ^^^^^^^                   ^^^^^^^^^^^^

warning: unused import: `ToSpan`
 --> src\L13_namespace\parser\derive.rs:6:31
  |
6 | use crate::parser_lib::{Span, ToSpan};
  |                               ^^^^^^

warning: unused import: `Ix`
  --> src\L13_namespace\parser\mod.rs:40:25
   |
40 | use super::{empty_span, Ix, Rc, Tm, Val};
   |                         ^^

warning: unnecessary parentheses around function argument
   --> src\L13_namespace\parser\mod.rs:888:54
    |
888 | ...                   lhs = Raw::Hole((w.to_span() + tk.to_span()));
    |                                       ^                          ^
    |
    = note: `#[warn(unused_parens)]` (part of `#[warn(unused)]`) on by default
help: remove these parentheses
    |
888 -                                         lhs = Raw::Hole((w.to_span() + tk.to_span()));
888 +                                         lhs = Raw::Hole(w.to_span() + tk.to_span());
    |

warning: unused imports: `Assertion` and `pretty::pretty_tm`
  --> src\L13_namespace\unification.rs:9:76
   |
 9 |     is_nat_sum, lvl2ix, parser::syntax::Icit, syntax::Pruning, empty_span, pretty::pretty_tm,
   |                                                                            ^^^^^^^^^^^^^^^^^
10 |     typeclass::{Assertion, Instance}, Raw, Rc, Decl,
   |                 ^^^^^^^^^

warning: unused imports: `Closure`, `Ix`, `Lvl`, `MetaEntry`, `MetaVar`, `Span`, `Spine`, `Tm`, `Ty`, `VTy`, `close_ty`, and `syntax::Locals`
 --> src\L13_namespace\canonical.rs:3:12
  |
3 |     Infer, MetaEntry, Cxt, Rc, Val, UnifyError, Ty, Span,
  |            ^^^^^^^^^                            ^^  ^^^^
4 |     MetaVar, Tm, Lvl, Ix, List, Closure, VTy, syntax::Locals,
  |     ^^^^^^^  ^^  ^^^  ^^        ^^^^^^^  ^^^  ^^^^^^^^^^^^^^
5 |     empty_span, Raw, Either, Spine, close_ty, Icit,
  |                              ^^^^^  ^^^^^^^^

warning: unused import: `std::sync::Arc`
   --> src\L13_namespace\bump_spine_iter.rs:124:5
    |
124 | use std::sync::Arc;
    |     ^^^^^^^^^^^^^^

warning: unused import: `super::MetaVar as CMetaVar`
   --> src\L13_namespace\bump_spine_iter.rs:137:5
    |
137 | use super::MetaVar as CMetaVar;
    |     ^^^^^^^^^^^^^^^^^^^^^^^^^^

warning: unused doc comment
  --> src\L13_namespace\struct_refine_probe.rs:95:1
   |
95 | /// identity_vec: 重建构造函数，非绑定变量，应通过。
   | ^^^^^^^^^^^^^^^^^^^^^^^^^^^^^^^^^^^^^^^^^^^^^^^^^^^^ rustdoc does not generate documentation for macro invocations
   |
   = help: to document an item produced by a macro, the macro must produce the documentation as part of its expansion

warning: unused doc comment
   --> src\L13_namespace\struct_refine_probe.rs:108:1
    |
108 | /// 直接 Vec 匹配，重建构造函数，应通过。
    | ^^^^^^^^^^^^^^^^^^^^^^^^^^^^^^^^^^^^^^^^^ rustdoc does not generate documentation for macro invocations
    |
    = help: to document an item produced by a macro, the macro must produce the documentation as part of its expansion

warning: unused doc comment
   --> src\L13_namespace\struct_refine_probe.rs:117:1
    |
117 | /// 非索引依赖的返回类型（A），预约束的类型 sucessor，通过。
    | ^^^^^^^^^^^^^^^^^^^^^^^^^^^^^^^^^^^^^^^^^^^^^^^^^^^^^^^^^^^^ rustdoc does not generate documentation for macro invocations
    |
    = help: to document an item produced by a macro, the macro must produce the documentation as part of its expansion

warning: unused doc comment
   --> src\L13_namespace\struct_refine_probe.rs:129:1
    |
129 | /// 嵌套结构体，预约束类型，通过。
    | ^^^^^^^^^^^^^^^^^^^^^^^^^^^^^^^^^^ rustdoc does not generate documentation for macro invocations
    |
    = help: to document an item produced by a macro, the macro must produce the documentation as part of its expansion

warning: unused doc comment
   --> src\L13_namespace\struct_refine_probe.rs:140:1
    |
140 | /// 不返回绑定变量，而是返回无类型依赖的值。
    | ^^^^^^^^^^^^^^^^^^^^^^^^^^^^^^^^^^^^^^^^^^^^ rustdoc does not generate documentation for macro invocations
    |
    = help: to document an item produced by a macro, the macro must produce the documentation as part of its expansion

warning: unused doc comment
   --> src\L13_namespace\struct_refine_probe.rs:157:1
    |
157 | / /// 直接 Vec 匹配，返回绑定变量 xs。最简复现。
158 | | /// 失败模式：expected: Vec[A](_l + 1), find: Vec[A](_l)
159 | | /// 原因：绑定 xs 的类型为 Vec[A] l'，但返回类型被细化为 Vec[A] (succ l')，无法统一。
    | |_------------------------------------------------------------------------------------^
    |   |
    |   rustdoc does not generate documentation for macro invocations
    |
    = help: to document an item produced by a macro, the macro must produce the documentation as part of its expansion

warning: unused doc comment
   --> src\L13_namespace\struct_refine_probe.rs:168:1
    |
168 | / /// 单层 struct，泛型 len，返回绑定变量 xs。
169 | | /// 失败模式：expected: Vec[A](_l + 1), find: Vec[A](_l)
    | |_-------------------------------------------------------^
    |   |
    |   rustdoc does not generate documentation for macro invocations
    |
    = help: to document an item produced by a macro, the macro must produce the documentation as part of its expansion

warning: unused doc comment
   --> src\L13_namespace\struct_refine_probe.rs:182:1
    |
182 | / /// 两个字段，第二个字段类型依赖第一个字段的索引细化。
183 | | /// 失败模式：expected: Fin(len + 1), find: Fin(1) 或反向。
184 | | /// 原因：绑定 w 的类型 Fin(succ len) 中的 len 是原始的、未经 cons/nil 细化的变量。
    | |_----------------------------------------------------------------------------------^
    |   |
    |   rustdoc does not generate documentation for macro invocations
    |
    = help: to document an item produced by a macro, the macro must produce the documentation as part of its expansion

warning: unused doc comment
   --> src\L13_namespace\struct_refine_probe.rs:198:1
    |
198 | / /// 嵌套 struct，泛型 len，返回绑定尾部变量。
199 | | /// 失败模式同 weak02。
    | |_----------------------^
    |   |
    |   rustdoc does not generate documentation for macro invocations
    |
    = help: to document an item produced by a macro, the macro must produce the documentation as part of its expansion

warning: unused doc comment
   --> src\L13_namespace\struct_refine_probe.rs:211:1
    |
211 | / /// VecHolder: Vec[A] len + Fin(succ len)，递归重建。
212 | | /// 失败模式：expected: Fin(_l + 2), find: Fin(_n + 1)
213 | | /// 原因：第一个字段匹配 cons (len:=succ l') 与第二个字段匹配 fsucc (len:=n) 的细化
214 | | /// 没有传播到对方，导致 n 和 succ l' 无法统一。
    | |_-----------------------------------------------^
    |   |
    |   rustdoc does not generate documentation for macro invocations
    |
    = help: to document an item produced by a macro, the macro must produce the documentation as part of its expansion

warning: unused doc comment
   --> src\L13_namespace\struct_refine_probe.rs:231:1
    |
231 | / /// 返回值是重建结构体，使用了从内部字段提取的变量。
232 | | /// 成功/失败？
    | |_--------------^
    |   |
    |   rustdoc does not generate documentation for macro invocations
    |
    = help: to document an item produced by a macro, the macro must produce the documentation as part of its expansion

warning: unused macro definition: `assert_expected_fail`
  --> src\L13_namespace\struct_refine_probe.rs:58:14
   |
58 | macro_rules! assert_expected_fail {
   |              ^^^^^^^^^^^^^^^^^^^^
   |
   = note: `#[warn(unused_macros)]` (part of `#[warn(unused)]`) on by default

warning: unused import: `parser`
  --> src\lib.rs:59:29
   |
59 | use L13_namespace::parser::{parser, parser_with_macros, macros::MacroRule, MacroExpansionInfo};
   |                             ^^^^^^

warning: unused imports: `self`, `stdin`, and `stdout`
  --> src\lib.rs:66:15
   |
66 | use std::io::{self, BufRead, Write, stdin, stdout};
   |               ^^^^                  ^^^^^  ^^^^^^

warning: unused import: `std::thread`
  --> src\lib.rs:67:5
   |
67 | use std::thread;
   |     ^^^^^^^^^^^

warning: use of deprecated function `codespan_reporting::term::emit`: Use `emit_to_write_style` instead or depending on the writer use `emit_to_io_write` or `emit_to_string`
  --> src\client.rs:91:15
   |
91 |         term::emit(&mut writer, &config, &files, cs_diag).unwrap();
   |               ^^^^
   |
   = note: `#[warn(deprecated)]` on by default

warning: unused import: `Write`
  --> src\lib.rs:66:30
   |
66 | use std::io::{self, BufRead, Write, stdin, stdout};
   |                              ^^^^^

warning: unused import: `BufRead`
  --> src\lib.rs:66:21
   |
66 | use std::io::{self, BufRead, Write, stdin, stdout};
   |                     ^^^^^^^

warning: unused import: `colored::Colorize`
 --> src\L13_namespace\mod.rs:1:5
  |
1 | use colored::Colorize;
  |     ^^^^^^^^^^^^^^^^^

warning: unused import: `colored::Colorize`
 --> src\L13_namespace\unification.rs:1:5
  |
1 | use colored::Colorize;
  |     ^^^^^^^^^^^^^^^^^

warning: unused import: `colored::Colorize`
 --> src\L13_namespace\elaboration.rs:3:5
  |
3 | use colored::Colorize;
  |     ^^^^^^^^^^^^^^^^^

warning: unused variable: `e`
  --> src\parser_lib_resilient.rs:22:71
   |
22 |         move |input, state: &mut S| self.parse(input, state).or_else(|e| rhs.parse(input, state))//TODO: err combine
   |                                                                       ^ help: if this is intentional, prefix it with an underscore: `_e`
   |
   = note: `#[warn(unused_variables)]` (part of `#[warn(unused)]`) on by default

warning: unused variable: `version`
   --> src\client.rs:170:75
    |
170 |     fn publish_diagnostics(&self, uri: Url, diagnostics: Vec<Diagnostic>, version: Option<i32>) {
    |                                                                           ^^^^^^^ help: if this is intentional, prefix it with an underscore: `_version`

warning: unused variable: `sp`
   --> src\L03_holes\mod.rs:360:32
    |
360 |             Val::Flex(m_prime, sp) if m == m_prime => Err(UnifyError),
    |                                ^^ help: if this is intentional, prefix it with an underscore: `_sp`

warning: unused variable: `sp`
   --> src\L04_implicit\mod.rs:369:32
    |
369 |             Val::Flex(m_prime, sp) if m == m_prime => Err(UnifyError),
    |                                ^^ help: if this is intentional, prefix it with an underscore: `_sp`

warning: unused variable: `app_inner`
    --> src\L04_implicit\mod.rs:1355:13
     |
1355 |         let app_inner = Val::Rigid(Lvl(1), sp_inner);
     |             ^^^^^^^^^ help: if this is intentional, prefix it with an underscore: `_app_inner`

warning: unused variable: `a`
   --> src\L05_pruning\mod.rs:231:48
    |
231 |     fn new_binder(&self, x: Name, a_quote: Tm, a: Val) -> Cxt {
    |                                                ^ help: if this is intentional, prefix it with an underscore: `_a`

warning: variable does not need to be mutable
   --> src\L05_pruning\mod.rs:769:36
    |
769 |         fn go(inf: &Infer, l: Lvl, mut a: VTy, l_prime: Lvl, t: Tm) -> Tm {
    |                                    ----^
    |                                    |
    |                                    help: remove this `mut`
    |
    = note: `#[warn(unused_mut)]` (part of `#[warn(unused)]`) on by default

warning: unused variable: `val`
   --> src\L06_string\unification.rs:310:37
    |
310 |                 Val::Pi(span, icit, val, closure) => Tm::Lam(
    |                                     ^^^ help: if this is intentional, prefix it with an underscore: `_val`

warning: unused variable: `t`
   --> src\L07_sum_type\elaboration.rs:494:42
    |
494 |             Raw::Lam(x, Either::Name(_), t) => Err(Error(format!("infer named lambda {x:?}"))),
    |                                          ^ help: if this is intentional, prefix it with an underscore: `_t`

warning: unused variable: `x`
   --> src\L07_sum_type\unification.rs:158:42
    |
158 |             (Some((None, rest)), Val::Pi(x, i, _, b)) => {
    |                                          ^ help: if this is intentional, prefix it with an underscore: `_x`

warning: unused variable: `i`
   --> src\L07_sum_type\unification.rs:158:45
    |
158 |             (Some((None, rest)), Val::Pi(x, i, _, b)) => {
    |                                             ^ help: if this is intentional, prefix it with an underscore: `_i`

warning: variable does not need to be mutable
   --> src\L07_sum_type\unification.rs:504:13
    |
504 |         let mut go = |this: &mut Self,
    |             ----^^
    |             |
    |             help: remove this `mut`

warning: unused variable: `typ_tm`
    --> src\L07_sum_type\bump_spine_iter.rs:5587:22
     |
5587 |                 let (typ_tm, vtyp) = {
     |                      ^^^^^^ help: if this is intentional, prefix it with an underscore: `_typ_tm`

warning: unused variable: `typ_tm`
    --> src\L07_sum_type\bump_spine_iter.rs:5698:22
     |
5698 |                 let (typ_tm, vtyp) = {
     |                      ^^^^^^ help: if this is intentional, prefix it with an underscore: `_typ_tm`

warning: unused variable: `t`
   --> src\L08_product_type\elaboration.rs:553:42
    |
553 |             Raw::Lam(x, Either::Name(_), t) => Err(Error(format!("infer named lambda {x:?}"))),
    |                                          ^ help: if this is intentional, prefix it with an underscore: `_t`

warning: unused variable: `x`
   --> src\L08_product_type\unification.rs:154:42
    |
154 |             (Some((None, rest)), Val::Pi(x, i, _, b)) => {
    |                                          ^ help: if this is intentional, prefix it with an underscore: `_x`

warning: unused variable: `i`
   --> src\L08_product_type\unification.rs:154:45
    |
154 |             (Some((None, rest)), Val::Pi(x, i, _, b)) => {
    |                                             ^ help: if this is intentional, prefix it with an underscore: `_i`

warning: variable does not need to be mutable
   --> src\L08_product_type\unification.rs:496:13
    |
496 |         let mut go = |this: &mut Self,
    |             ----^^
    |             |
    |             help: remove this `mut`

warning: unused variable: `x`
   --> src\L09_mltt\elaboration.rs:158:32
    |
158 |                         Val::U(x) => {//TODO:x?
    |                                ^ help: if this is intentional, prefix it with an underscore: `_x`

warning: unused variable: `ret`
   --> src\L09_mltt\elaboration.rs:234:22
    |
234 |                 let (ret, error) = compiler.compile(self, typ, &clause, cxt, self.eval(&cxt.env, tm.clone()))?;
    |                      ^^^ help: if this is intentional, prefix it with an underscore: `_ret`

warning: unused variable: `t`
   --> src\L09_mltt\elaboration.rs:571:42
    |
571 |             Raw::Lam(x, Either::Name(_), t) => Err(Error(x.map(|_| "infer named lambda".to_owned()))),
    |                                          ^ help: if this is intentional, prefix it with an underscore: `_t`

warning: unused variable: `typ`
  --> src\L09_mltt\parser\syntax.rs:91:28
   |
91 |             Raw::SumCase { typ, case_name, datas } => datas.last()
   |                            ^^^ help: try ignoring the field: `typ: _`

warning: unused variable: `println_kw`
   --> src\L09_mltt\parser\mod.rs:629:16
    |
629 |         .map(|(println_kw, x)| Decl::Println(x.unwrap_or(Raw::Hole)))
    |                ^^^^^^^^^^ help: if this is intentional, prefix it with an underscore: `_println_kw`

warning: unused variable: `x`
   --> src\L09_mltt\unification.rs:129:42
    |
129 |             (Some((None, rest)), Val::Pi(x, i, _, b)) => {
    |                                          ^ help: if this is intentional, prefix it with an underscore: `_x`

warning: unused variable: `i`
   --> src\L09_mltt\unification.rs:129:45
    |
129 |             (Some((None, rest)), Val::Pi(x, i, _, b)) => {
    |                                             ^ help: if this is intentional, prefix it with an underscore: `_i`

warning: unused variable: `val`
   --> src\L09_mltt\unification.rs:363:37
    |
363 |                 Val::Pi(span, icit, val, closure) if span.data == "_" => {
    |                                     ^^^ help: if this is intentional, prefix it with an underscore: `_val`

warning: unused variable: `val`
   --> src\L09_mltt\unification.rs:376:37
    |
376 |                 Val::Pi(span, icit, val, closure) => Tm::Lam(
    |                                     ^^^ help: if this is intentional, prefix it with an underscore: `_val`

warning: unused variable: `items`
   --> src\L09_mltt\pretty.rs:203:28
    |
203 |         Tm::Sum(span, tms, items) => format!(
    |                            ^^^^^ help: if this is intentional, prefix it with an underscore: `_items`

warning: unused variable: `is_def`
    --> src\L09_mltt\bump_spine_iter.rs:6372:17
     |
6372 |             let is_def = matches!(d, Decl::Def { .. });
     |                 ^^^^^^ help: if this is intentional, prefix it with an underscore: `_is_def`

warning: unused variable: `x`
   --> src\L10_typeclass\elaboration.rs:165:32
    |
165 |                         Val::U(x) => {//TODO:x?
    |                                ^ help: if this is intentional, prefix it with an underscore: `_x`

warning: unused variable: `typ`
  --> src\L10_typeclass\parser\syntax.rs:94:41
   |
94 |             Raw::SumCase { is_trait: _, typ, case_name, datas } => datas.last()
   |                                         ^^^ help: try ignoring the field: `typ: _`

warning: unused variable: `match_kw`
   --> src\L10_typeclass\parser\mod.rs:572:16
    |
572 |         .map(|(match_kw, scrutinee, body)| Raw::Match(
    |                ^^^^^^^^ help: if this is intentional, prefix it with an underscore: `_match_kw`

warning: unused variable: `println_kw`
   --> src\L10_typeclass\parser\mod.rs:631:16
    |
631 |         .map(|(println_kw, x)| Decl::Println(x.unwrap_or(Raw::Hole)))
    |                ^^^^^^^^^^ help: if this is intentional, prefix it with an underscore: `_println_kw`

warning: unused variable: `e`
   --> src\L10_typeclass\pattern_match.rs:237:29
    |
237 |                         Err(e) => {
    |                             ^ help: if this is intentional, prefix it with an underscore: `_e`

warning: unused variable: `var`
   --> src\L10_typeclass\pattern_match.rs:270:15
    |
270 |             [(var, typ, head_name, icit), heads_rest @ ..] => {
    |               ^^^ help: if this is intentional, prefix it with an underscore: `_var`

warning: unused variable: `x`
   --> src\L10_typeclass\unification.rs:130:42
    |
130 |             (Some((None, rest)), Val::Pi(x, i, _, b)) => {
    |                                          ^ help: if this is intentional, prefix it with an underscore: `_x`

warning: unused variable: `i`
   --> src\L10_typeclass\unification.rs:130:45
    |
130 |             (Some((None, rest)), Val::Pi(x, i, _, b)) => {
    |                                             ^ help: if this is intentional, prefix it with an underscore: `_i`

warning: unused variable: `val`
   --> src\L10_typeclass\unification.rs:381:37
    |
381 |                 Val::Pi(span, icit, val, closure) => Tm::Lam(
    |                                     ^^^ help: if this is intentional, prefix it with an underscore: `_val`

warning: unused variable: `val`
  --> src\L10_typeclass\typeclass.rs:24:22
   |
24 |             Val::Obj(val, span, sp) => None,
   |                      ^^^ help: if this is intentional, prefix it with an underscore: `_val`

warning: unused variable: `span`
  --> src\L10_typeclass\typeclass.rs:24:27
   |
24 |             Val::Obj(val, span, sp) => None,
   |                           ^^^^ help: if this is intentional, prefix it with an underscore: `_span`

warning: unused variable: `sp`
  --> src\L10_typeclass\typeclass.rs:24:33
   |
24 |             Val::Obj(val, span, sp) => None,
   |                                 ^^ help: if this is intentional, prefix it with an underscore: `_sp`

warning: unused variable: `span`
  --> src\L10_typeclass\typeclass.rs:26:21
   |
26 |             Val::Pi(span, icit, val, closure) => None,
   |                     ^^^^ help: if this is intentional, prefix it with an underscore: `_span`

warning: unused variable: `icit`
  --> src\L10_typeclass\typeclass.rs:26:27
   |
26 |             Val::Pi(span, icit, val, closure) => None,
   |                           ^^^^ help: if this is intentional, prefix it with an underscore: `_icit`

warning: unused variable: `val`
  --> src\L10_typeclass\typeclass.rs:26:33
   |
26 |             Val::Pi(span, icit, val, closure) => None,
   |                                 ^^^ help: if this is intentional, prefix it with an underscore: `_val`

warning: unused variable: `closure`
  --> src\L10_typeclass\typeclass.rs:26:38
   |
26 |             Val::Pi(span, icit, val, closure) => None,
   |                                      ^^^^^^^ help: if this is intentional, prefix it with an underscore: `_closure`

warning: variable does not need to be mutable
    --> src\L10_typeclass\bump_spine_iter.rs:3468:9
     |
3468 |     let mut lams_loop = solve_probe::on().then(|| std::time::Instant::now());
     |         ----^^^^^^^^^
     |         |
     |         help: remove this `mut`

warning: unused variable: `neutral`
    --> src\L10_typeclass\bump_spine_iter.rs:4467:13
     |
4467 |             neutral,
     |             ^^^^^^^ help: try ignoring the field: `neutral: _`

warning: unused variable: `t0`
    --> src\L10_typeclass\bump_spine_iter.rs:4729:21
     |
4729 |         if let Some(t0) = probe_t0 {
     |                     ^^ help: if this is intentional, prefix it with an underscore: `_t0`

warning: unused variable: `neutral`
    --> src\L10_typeclass\bump_spine_iter.rs:4929:13
     |
4929 |             neutral,
     |             ^^^^^^^ help: try ignoring the field: `neutral: _`

warning: unused variable: `t0`
    --> src\L10_typeclass\bump_spine_iter.rs:6030:29
     |
6030 |                 if let Some(t0) = probe_t0 {
     |                             ^^ help: if this is intentional, prefix it with an underscore: `_t0`

warning: unused variable: `items`
   --> src\L10_typeclass\pretty.rs:207:28
    |
207 |         Tm::Sum(span, tms, items, _) => format!(
    |                            ^^^^^ help: if this is intentional, prefix it with an underscore: `_items`

warning: unused variable: `is_trait`
   --> src\L10_typeclass\pretty.rs:216:23
    |
216 |         Tm::SumCase { is_trait, typ, case_name, datas: params } => format!(
    |                       ^^^^^^^^ help: try ignoring the field: `is_trait: _`

warning: unused variable: `decl`
  --> src\L11_macro\cxt.rs:40:33
   |
40 | fn create_global(infer: &Infer, decl: &Decl, env: &Env, typ: Rc<Val>) -> Rc<Val> {
   |                                 ^^^^ help: if this is intentional, prefix it with an underscore: `_decl`

warning: unused variable: `span`
   --> src\L11_macro\cxt.rs:385:22
    |
385 |         if let Some((span, _, _, _, _)) = t {
    |                      ^^^^ help: if this is intentional, prefix it with an underscore: `_span`

warning: unused variable: `t`
   --> src\L11_macro\cxt.rs:433:13
    |
433 |         let t = decl.insert(x.data.clone(), (x.to_span(), t, vt, a, va));
    |             ^ help: if this is intentional, prefix it with an underscore: `_t`

warning: unused variable: `x`
   --> src\L11_macro\elaboration.rs:166:32
    |
166 |                         Val::U(x) => {//TODO:x?
    |                                ^ help: if this is intentional, prefix it with an underscore: `_x`

warning: unused variable: `typ`
   --> src\L11_macro\parser\syntax.rs:125:41
    |
125 |             Raw::SumCase { is_trait: _, typ, case_name, datas } => datas.last()
    |                                         ^^^ help: try ignoring the field: `typ: _`

warning: unused variable: `x`
  --> src\L11_macro\parser\macros.rs:48:53
   |
48 | ...                   msg: token.map(|x| ErrMsg::Base(BaseMsg::Expect(*kind))),
   |                                       ^ help: if this is intentional, prefix it with an underscore: `_x`

warning: unused variable: `t`
   --> src\L11_macro\parser\macros.rs:171:32
    |
171 |                         Ok((i, t)) if i.len() == input.len() => Err(IError {
    |                                ^ help: if this is intentional, prefix it with an underscore: `_t`

warning: value assigned to `rcurly_span` is never read
    --> src\L11_macro\parser\mod.rs:1406:45
     |
1406 |     let mut rcurly_span: Option<Span<()>> = None;
     |                                             ^^^^ this value is reassigned later and never used
...
1411 |             rcurly_span = Some(rc);
     |             ---------------------- `rcurly_span` is overwritten here before the previous value is read
     |
     = note: `#[warn(unused_assignments)]` (part of `#[warn(unused)]`) on by default

warning: unused variable: `e`
   --> src\L11_macro\pattern_match.rs:231:29
    |
231 |                         Err(e) => {
    |                             ^ help: if this is intentional, prefix it with an underscore: `_e`

warning: unused variable: `val`
   --> src\L11_macro\unification.rs:399:37
    |
399 |                 Val::Pi(span, icit, val, closure) => Tm::Lam(
    |                                     ^^^ help: if this is intentional, prefix it with an underscore: `_val`

warning: unused variable: `val`
  --> src\L11_macro\typeclass.rs:26:22
   |
26 |             Val::Obj(val, span, sp) => None,
   |                      ^^^ help: if this is intentional, prefix it with an underscore: `_val`

warning: unused variable: `span`
  --> src\L11_macro\typeclass.rs:26:27
   |
26 |             Val::Obj(val, span, sp) => None,
   |                           ^^^^ help: if this is intentional, prefix it with an underscore: `_span`

warning: unused variable: `sp`
  --> src\L11_macro\typeclass.rs:26:33
   |
26 |             Val::Obj(val, span, sp) => None,
   |                                 ^^ help: if this is intentional, prefix it with an underscore: `_sp`

warning: unused variable: `span`
  --> src\L11_macro\typeclass.rs:28:21
   |
28 |             Val::Pi(span, icit, val, closure) => None,
   |                     ^^^^ help: if this is intentional, prefix it with an underscore: `_span`

warning: unused variable: `icit`
  --> src\L11_macro\typeclass.rs:28:27
   |
28 |             Val::Pi(span, icit, val, closure) => None,
   |                           ^^^^ help: if this is intentional, prefix it with an underscore: `_icit`

warning: unused variable: `val`
  --> src\L11_macro\typeclass.rs:28:33
   |
28 |             Val::Pi(span, icit, val, closure) => None,
   |                                 ^^^ help: if this is intentional, prefix it with an underscore: `_val`

warning: unused variable: `closure`
  --> src\L11_macro\typeclass.rs:28:38
   |
28 |             Val::Pi(span, icit, val, closure) => None,
   |                                      ^^^^^^^ help: if this is intentional, prefix it with an underscore: `_closure`

warning: unused variable: `items`
   --> src\L11_macro\pretty.rs:158:28
    |
158 |         Tm::Sum(span, tms, items, _) => {
    |                            ^^^^^ help: if this is intentional, prefix it with an underscore: `_items`

warning: unused variable: `is_trait`
   --> src\L11_macro\pretty.rs:171:23
    |
171 |         Tm::SumCase { is_trait, typ, case_name, datas: params } => {
    |                       ^^^^^^^^ help: try ignoring the field: `is_trait: _`

warning: unused variable: `t`
   --> src\L11_macro\mod.rs:109:35
    |
109 |                 MetaEntry::Solved(t, _) => None,//TODO: this is error. this will be fixed in L12
    |                                   ^ help: if this is intentional, prefix it with an underscore: `_t`

warning: unused variable: `t`
   --> src\L12_canonical\cxt.rs:300:13
    |
300 |         let t = decl.insert(x.data.clone(), (x.to_span(), t, vt, a, va));
    |             ^ help: if this is intentional, prefix it with an underscore: `_t`

warning: unused variable: `span`
   --> src\L12_canonical\elaboration.rs:573:21
    |
573 |                 let span = name.to_span();
    |                     ^^^^ help: if this is intentional, prefix it with an underscore: `_span`

warning: unused variable: `typ`
   --> src\L12_canonical\parser\syntax.rs:142:41
    |
142 |             Raw::SumCase { is_trait: _, typ, case_name, datas } => datas.last()
    |                                         ^^^ help: try ignoring the field: `typ: _`

warning: unused variable: `x`
  --> src\L12_canonical\parser\macros.rs:48:53
   |
48 | ...                   msg: token.map(|x| ErrMsg::Base(BaseMsg::Expect(*kind))),
   |                                       ^ help: if this is intentional, prefix it with an underscore: `_x`

warning: unused variable: `t`
   --> src\L12_canonical\parser\macros.rs:171:32
    |
171 |                         Ok((i, t)) if i.len() == input.len() => Err(IError {
    |                                ^ help: if this is intentional, prefix it with an underscore: `_t`

warning: value assigned to `rcurly_span` is never read
    --> src\L12_canonical\parser\mod.rs:1533:45
     |
1533 |     let mut rcurly_span: Option<Span<()>> = None;
     |                                             ^^^^ this value is reassigned later and never used
...
1538 |             rcurly_span = Some(rc);
     |             ---------------------- `rcurly_span` is overwritten here before the previous value is read

warning: unused variable: `e`
   --> src\L12_canonical\pattern_match.rs:235:29
    |
235 |                         Err(e) => {
    |                             ^ help: if this is intentional, prefix it with an underscore: `_e`

warning: unused variable: `items`
   --> src\L12_canonical\pretty.rs:164:28
    |
164 |         Tm::Sum(span, tms, items, _) => {
    |                            ^^^^^ help: if this is intentional, prefix it with an underscore: `_items`

warning: unused variable: `is_trait`
   --> src\L12_canonical\pretty.rs:198:23
    |
198 |         Tm::SumCase { is_trait, typ, case_name, datas: params } => {
    |                       ^^^^^^^^ help: try ignoring the field: `is_trait: _`

warning: unused variable: `v`
   --> src\L12_canonical\bump_spine_iter.rs:685:29
    |
685 |         MetaEntry::Unsolved(v, _, _) => v_meta(m),
    |                             ^ help: if this is intentional, prefix it with an underscore: `_v`

warning: unused variable: `span`
  --> src\L12_canonical\canonical.rs:84:35
   |
84 |                 while let Val::Pi(span, icit, dom, clos) = vt.as_ref() {
   |                                   ^^^^ help: if this is intentional, prefix it with an underscore: `_span`

warning: unused variable: `out_param`
    --> src\L13_namespace\elaboration.rs:1478:25
     |
1478 |                     let out_param = self.trait_out_param.get(&trait_full)
     |                         ^^^^^^^^^ help: if this is intentional, prefix it with an underscore: `_out_param`

warning: unused variable: `inner`
    --> src\L13_namespace\elaboration.rs:2321:37
     |
2321 |                     if let Raw::Obj(inner, Some(prev)) = x.as_ref() {
     |                                     ^^^^^ help: if this is intentional, prefix it with an underscore: `_inner`

warning: unused variable: `is_expl`
    --> src\L13_namespace\elaboration.rs:2521:21
     |
2521 |                 let is_expl = matches!(i, Either::Icit(Icit::Expl));
     |                     ^^^^^^^ help: if this is intentional, prefix it with an underscore: `_is_expl`

warning: unused variable: `head`
    --> src\L13_namespace\elaboration.rs:2787:33
     |
2787 |                     if let Some(ref head) = typ_raw_head {
     |                                 ^^^^^^^^ help: if this is intentional, prefix it with an underscore: `_head`

warning: unused variable: `head`
    --> src\L13_namespace\elaboration.rs:3029:37
     |
3029 |                         if let Some(ref head) = typ_raw_head {
     |                                     ^^^^^^^^ help: if this is intentional, prefix it with an underscore: `_head`

warning: unused variable: `typ`
   --> src\L13_namespace\parser\syntax.rs:204:41
    |
204 |             Raw::SumCase { is_trait: _, typ, case_name, datas } => datas.last()
    |                                         ^^^ help: try ignoring the field: `typ: _`

warning: unused variable: `x`
  --> src\L13_namespace\parser\macros.rs:48:53
   |
48 | ...                   msg: token.map(|x| ErrMsg::Base(BaseMsg::Expect(*kind))),
   |                                       ^ help: if this is intentional, prefix it with an underscore: `_x`

warning: unused variable: `t`
   --> src\L13_namespace\parser\macros.rs:171:32
    |
171 |                         Ok((i, t)) if i.len() == input.len() => Err(IError {
    |                                ^ help: if this is intentional, prefix it with an underscore: `_t`

warning: unused variable: `bundle_body`
   --> src\L13_namespace\parser\derive.rs:599:17
    |
599 |             let bundle_body = build_bundle_body(fields);
    |                 ^^^^^^^^^^^ help: if this is intentional, prefix it with an underscore: `_bundle_body`

warning: value assigned to `rcurly_span` is never read
    --> src\L13_namespace\parser\mod.rs:1653:45
     |
1653 |     let mut rcurly_span: Option<Span<()>> = None;
     |                                             ^^^^ this value is reassigned later and never used
...
1658 |             rcurly_span = Some(rc);
     |             ---------------------- `rcurly_span` is overwritten here before the previous value is read

warning: unused variable: `e`
    --> src\L13_namespace\parser\mod.rs:2605:13
     |
2605 |         Err(e) => Ok((input, vec![])), // No attribute found, not an error
     |             ^ help: if this is intentional, prefix it with an underscore: `_e`

warning: variable does not need to be mutable
   --> src\L13_namespace\unification.rs:583:13
    |
583 |         let mut solution = self.eval(decl, &List::new(), &self.lams(pren.dom, decl, &mty, rhs));
    |             ----^^^^^^^^
    |             |
    |             help: remove this `mut`

warning: unused variable: `cxt`
   --> src\L13_namespace\unification.rs:588:41
    |
588 |     pub fn solve_multi_trait(&mut self, cxt: &Cxt, m: MetaVar, allow_flex_defaulting: bool) -> Result<(), UnifyError> {
    |                                         ^^^ help: if this is intentional, prefix it with an underscore: `_cxt`

warning: unused variable: `items`
   --> src\L13_namespace\pretty.rs:387:28
    |
387 |         Tm::Sum(span, tms, items, _) => {
    |                            ^^^^^ help: if this is intentional, prefix it with an underscore: `_items`

warning: unused variable: `span`
  --> src\L13_namespace\canonical.rs:79:35
   |
79 |                 while let Val::Pi(span, icit, dom, clos) = vt.as_ref() {
   |                                   ^^^^ help: if this is intentional, prefix it with an underscore: `_span`

warning: unused variable: `work`
    --> src\L13_namespace\bump_spine_iter.rs:1333:5
     |
1333 |     work: &mut Vec<W<'a>>,
     |     ^^^^ help: if this is intentional, prefix it with an underscore: `_work`

warning: unused variable: `vals`
    --> src\L13_namespace\bump_spine_iter.rs:1334:5
     |
1334 |     vals: &mut Vec<V>,
     |     ^^^^ help: if this is intentional, prefix it with an underscore: `_vals`

warning: unused variable: `icits`
    --> src\L13_namespace\bump_spine_iter.rs:1335:5
     |
1335 |     icits: &mut Vec<Icit>,
     |     ^^^^^ help: if this is intentional, prefix it with an underscore: `_icits`

warning: variable does not need to be mutable
    --> src\L13_namespace\bump_spine_iter.rs:2059:21
     |
2059 |                 let mut solver = &mut m.tstate.solver;
     |                     ----^^^^^^
     |                     |
     |                     help: remove this `mut`

warning: variable does not need to be mutable
    --> src\L13_namespace\bump_spine_iter.rs:2068:21
     |
2068 |                 let mut solver = &mut m.tstate.solver;
     |                     ----^^^^^^
     |                     |
     |                     help: remove this `mut`

warning: variable does not need to be mutable
    --> src\L13_namespace\bump_spine_iter.rs:4364:21
     |
4364 |                 let mut args: Vec<(V, Icit)> = match v_tag(ov) {
     |                     ----^^^^
     |                     |
     |                     help: remove this `mut`

warning: unused variable: `mc_snapshot`
    --> src\L13_namespace\bump_spine_iter.rs:4104:25
     |
4104 |                     let mc_snapshot = constraints.clone();
     |                         ^^^^^^^^^^^ help: if this is intentional, prefix it with an underscore: `_mc_snapshot`

warning: unused variable: `cxt`
    --> src\L13_namespace\bump_spine_iter.rs:6752:9
     |
6752 |         cxt: &Cxt<'a>,
     |         ^^^ help: if this is intentional, prefix it with an underscore: `_cxt`

warning: unused variable: `out_param`
    --> src\L13_namespace\bump_spine_iter.rs:9788:25
     |
9788 |                     let out_param = self
     |                         ^^^^^^^^^ help: if this is intentional, prefix it with an underscore: `_out_param`

warning: unused variable: `a_t`
     --> src\L13_namespace\bump_spine_iter.rs:10187:25
      |
10187 |                     let a_t = self.quote(bump, &a_cxt, a_cxt.lvl, va);
      |                         ^^^ help: if this is intentional, prefix it with an underscore: `_a_t`

warning: unused variable: `t`
     --> src\L13_namespace\bump_spine_iter.rs:13352:41
      |
13352 |         let restore_done = kick_t0.map(|t| std::time::Instant::now());
      |                                         ^ help: if this is intentional, prefix it with an underscore: `_t`

warning: unused variable: `r`
     --> src\L13_namespace\bump_spine_iter.rs:14446:26
      |
14446 |             .map(|(a, b, r)| format!("{}..{} {:?}", a, b, &src[*a as usize..*b as usize]))
      |                          ^ help: if this is intentional, prefix it with an underscore: `_r`

warning: unused variable: `o`
  --> src\L13_namespace\module_probe_tests.rs:27:16
   |
27 |             Ok(o) => out.push_str(&format!("T_{}: {:?}\n", name, start.elapsed())),
   |                ^ help: if this is intentional, prefix it with an underscore: `_o`

warning: unused variable: `c1_pos`
   --> src\L13_namespace\module_tests.rs:524:9
    |
524 |     let c1_pos = output.find("if (c1)").expect("if (c1) present");
    |         ^^^^^^ help: if this is intentional, prefix it with an underscore: `_c1_pos`

warning: unused variable: `name`
    --> src\L13_namespace\mod.rs:1648:22
     |
1648 |             Val::Lam(name, _, clos) => {
     |                      ^^^^ help: if this is intentional, prefix it with an underscore: `_name`

warning: unused variable: `name`
    --> src\L13_namespace\mod.rs:1653:21
     |
1653 |             Val::Pi(name, _, vty, clos) => {
     |                     ^^^^ help: if this is intentional, prefix it with an underscore: `_name`

warning: unused variable: `s`
    --> src\L13_namespace\mod.rs:1662:31
     |
1662 |             Val::LiteralIntro(s) => {
     |                               ^ help: if this is intentional, prefix it with an underscore: `_s`

warning: unused variable: `name`
    --> src\L13_namespace\mod.rs:1665:22
     |
1665 |             Val::Sum(name, params, cases, _) => {
     |                      ^^^^ help: if this is intentional, prefix it with an underscore: `_name`

warning: unused variable: `pname`
    --> src\L13_namespace\mod.rs:1667:22
     |
1667 |                 for (pname, pval, pvty, _) in params.iter() {
     |                      ^^^^^ help: if this is intentional, prefix it with an underscore: `_pname`

warning: unused variable: `cname`
    --> src\L13_namespace\mod.rs:1672:21
     |
1672 |                 for cname in cases.iter() {
     |                     ^^^^^ help: if this is intentional, prefix it with an underscore: `_cname`

warning: unused variable: `dname`
    --> src\L13_namespace\mod.rs:1678:22
     |
1678 |                 for (dname, dval, _) in datas.iter() {
     |                      ^^^^^ help: if this is intentional, prefix it with an underscore: `_dname`

warning: unused variable: `pat`
    --> src\L13_namespace\mod.rs:1686:22
     |
1686 |                 for (pat, tm) in cases {
     |                      ^^^ help: if this is intentional, prefix it with an underscore: `_pat`

warning: unused variable: `name`
    --> src\L13_namespace\mod.rs:1727:22
     |
1727 |             Tm::Decl(name) => {
     |                      ^^^^ help: if this is intentional, prefix it with an underscore: `_name`

warning: unused variable: `name`
    --> src\L13_namespace\mod.rs:1730:28
     |
1730 |             Tm::Obj(inner, name) => {
     |                            ^^^^ help: if this is intentional, prefix it with an underscore: `_name`

warning: unused variable: `name`
    --> src\L13_namespace\mod.rs:1734:21
     |
1734 |             Tm::Lam(name, _, body) => {
     |                     ^^^^ help: if this is intentional, prefix it with an underscore: `_name`

warning: unused variable: `name`
    --> src\L13_namespace\mod.rs:1746:20
     |
1746 |             Tm::Pi(name, _, ty_a, ty_b) => {
     |                    ^^^^ help: if this is intentional, prefix it with an underscore: `_name`

warning: unused variable: `name`
    --> src\L13_namespace\mod.rs:1751:21
     |
1751 |             Tm::Let(name, ty, val, body) => {
     |                     ^^^^ help: if this is intentional, prefix it with an underscore: `_name`

warning: unused variable: `name`
    --> src\L13_namespace\mod.rs:1762:21
     |
1762 |             Tm::Sum(name, params, cases, _) => {
     |                     ^^^^ help: if this is intentional, prefix it with an underscore: `_name`

warning: unused variable: `pname`
    --> src\L13_namespace\mod.rs:1764:22
     |
1764 |                 for (pname, ptm, pty, _) in params.iter() {
     |                      ^^^^^ help: if this is intentional, prefix it with an underscore: `_pname`

warning: unused variable: `cname`
    --> src\L13_namespace\mod.rs:1769:21
     |
1769 |                 for cname in cases.iter() {
     |                     ^^^^^ help: if this is intentional, prefix it with an underscore: `_cname`

warning: unused variable: `dname`
    --> src\L13_namespace\mod.rs:1775:22
     |
1775 |                 for (dname, dtm, _) in datas.iter() {
     |                      ^^^^^ help: if this is intentional, prefix it with an underscore: `_dname`

warning: unused variable: `pat`
    --> src\L13_namespace\mod.rs:1782:22
     |
1782 |                 for (pat, branch) in cases {
     |                      ^^^ help: if this is intentional, prefix it with an underscore: `_pat`

warning: unused variable: `span`
    --> src\L13_namespace\mod.rs:1805:18
     |
1805 |         for (_, (span, rtm, rval, rty, rvty, _, _)) in cxt.decl.iter() {
     |                  ^^^^ help: if this is intentional, prefix it with an underscore: `_span`

warning: unused variable: `span`
    --> src\L13_namespace\mod.rs:1817:21
     |
1817 |         for (_, _, (span, vty)) in cxt.src_names.iter_all() {
     |                     ^^^^ help: if this is intentional, prefix it with an underscore: `_span`

warning: unused variable: `meta_alloc`
    --> src\L13_namespace\mod.rs:2088:13
     |
2088 |         let meta_alloc = (std::mem::size_of::<MetaEntry>() + 16 + 7) & !7;
     |             ^^^^^^^^^^ help: if this is intentional, prefix it with an underscore: `_meta_alloc`

warning: unused variable: `x`
    --> src\L13_namespace\mod.rs:3725:22
     |
3725 |                 let (x, _, new_cxt) = infer.infer(&cxt, tm.clone())?;
     |                      ^ help: if this is intentional, prefix it with an underscore: `_x`

warning: variable does not need to be mutable
   --> src\lib.rs:475:17
    |
475 |             let mut value = if let Some(d) = def_block {
    |                 ----^^^^^
    |                 |
    |                 help: remove this `mut`

warning: unused variable: `url`
    --> src\lib.rs:1780:29
     |
1780 |                         let url = params.uri.clone();
     |                             ^^^ help: if this is intentional, prefix it with an underscore: `_url`

warning: variable does not need to be mutable
    --> src\lib.rs:2158:17
     |
2158 |             let mut infer = self.infer.lock().unwrap();
     |                 ----^^^^^
     |                 |
     |                 help: remove this `mut`

warning: unused variable: `uri`
    --> src\lib.rs:2342:9
     |
2342 |         uri: &Url,
     |         ^^^ help: if this is intentional, prefix it with an underscore: `_uri`

warning: variable does not need to be mutable
    --> src\lib.rs:2439:17
     |
2439 |             let mut infer = self.infer.lock().unwrap();
     |                 ----^^^^^
     |                 |
     |                 help: remove this `mut`

warning: unused variable: `span`
    --> src\lib.rs:2721:35
     |
2721 |                     .filter_map(|(span, name)| {
     |                                   ^^^^ help: if this is intentional, prefix it with an underscore: `_span`

warning: variable does not need to be mutable
    --> src\lib.rs:2858:13
     |
2858 |         let mut start_line = range.start.line as usize;
     |             ----^^^^^^^^^^
     |             |
     |             help: remove this `mut`

warning: unused variable: `resp`
    --> src\lib.rs:3420:35
     |
3420 |                 Message::Response(resp) => {
     |                                   ^^^^ help: if this is intentional, prefix it with an underscore: `_resp`

warning: unused variable: `not`
    --> src\lib.rs:3439:62
     |
3439 | ...                   Err(ExtractError::MethodMismatch(not)) => (),
     |                                                        ^^^ help: if this is intentional, prefix it with an underscore: `_not`

warning: unused variable: `not`
    --> src\lib.rs:3446:62
     |
3446 | ...                   Err(ExtractError::MethodMismatch(not)) =>(),
     |                                                        ^^^ help: if this is intentional, prefix it with an underscore: `_not`

warning: unused variable: `not`
    --> src\lib.rs:3453:62
     |
3453 | ...                   Err(ExtractError::MethodMismatch(not)) => (),
     |                                                        ^^^ help: if this is intentional, prefix it with an underscore: `_not`

warning: unused variable: `not`
    --> src\lib.rs:3460:62
     |
3460 | ...                   Err(ExtractError::MethodMismatch(not)) => (),
     |                                                        ^^^ help: if this is intentional, prefix it with an underscore: `_not`

warning: type `L03_holes::Tm` is more private than the item `L03_holes::pretty_tm`
   --> src\L03_holes\mod.rs:725:1
    |
725 | pub fn pretty_tm(prec: usize, ns: &[String], t: &Tm) -> String {
    | ^^^^^^^^^^^^^^^^^^^^^^^^^^^^^^^^^^^^^^^^^^^^^^^^^^^^^^^^^^^^^^ function `L03_holes::pretty_tm` is reachable at visibility `pub(crate)`
    |
note: but type `L03_holes::Tm` is only usable at visibility `pub(self)`
   --> src\L03_holes\mod.rs:88:1
    |
 88 | enum Tm {
    | ^^^^^^^
    = note: `#[warn(private_interfaces)]` on by default

warning: type `L04_implicit::Tm` is more private than the item `L04_implicit::pretty_tm`
   --> src\L04_implicit\mod.rs:895:1
    |
895 | pub fn pretty_tm(prec: usize, ns: &[String], t: &Tm) -> String {
    | ^^^^^^^^^^^^^^^^^^^^^^^^^^^^^^^^^^^^^^^^^^^^^^^^^^^^^^^^^^^^^^ function `L04_implicit::pretty_tm` is reachable at visibility `pub(crate)`
    |
note: but type `L04_implicit::Tm` is only usable at visibility `pub(self)`
   --> src\L04_implicit\mod.rs:87:1
    |
 87 | enum Tm {
    | ^^^^^^^

warning: type `L05_pruning::Tm` is more private than the item `L05_pruning::Locals::Define::2`
   --> src\L05_pruning\mod.rs:105:31
    |
105 |     Define(Box<Locals>, Name, Ty, Tm),
    |                               ^^ field `L05_pruning::Locals::Define::2` is reachable at visibility `pub(crate)`
    |
note: but type `L05_pruning::Tm` is only usable at visibility `pub(self)`
   --> src\L05_pruning\mod.rs:125:1
    |
125 | enum Tm {
    | ^^^^^^^

warning: type `L05_pruning::Tm` is more private than the item `L05_pruning::Locals::Define::3`
   --> src\L05_pruning\mod.rs:105:35
    |
105 |     Define(Box<Locals>, Name, Ty, Tm),
    |                                   ^^ field `L05_pruning::Locals::Define::3` is reachable at visibility `pub(crate)`
    |
note: but type `L05_pruning::Tm` is only usable at visibility `pub(self)`
   --> src\L05_pruning\mod.rs:125:1
    |
125 | enum Tm {
    | ^^^^^^^

warning: type `L05_pruning::Tm` is more private than the item `L05_pruning::Locals::Bind::2`
   --> src\L05_pruning\mod.rs:106:29
    |
106 |     Bind(Box<Locals>, Name, crate::L05_pruning::Ty),
    |                             ^^^^^^^^^^^^^^^^^^^^^^ field `L05_pruning::Locals::Bind::2` is reachable at visibility `pub(crate)`
    |
note: but type `L05_pruning::Tm` is only usable at visibility `pub(self)`
   --> src\L05_pruning\mod.rs:125:1
    |
125 | enum Tm {
    | ^^^^^^^

warning: type `L05_pruning::Tm` is more private than the item `L05_pruning::close_ty`
   --> src\L05_pruning\mod.rs:111:1
    |
111 | pub fn close_ty(mcl: Locals, b: Ty) -> Ty {
    | ^^^^^^^^^^^^^^^^^^^^^^^^^^^^^^^^^^^^^^^^^ function `L05_pruning::close_ty` is reachable at visibility `pub(crate)`
    |
note: but type `L05_pruning::Tm` is only usable at visibility `pub(self)`
   --> src\L05_pruning\mod.rs:125:1
    |
125 | enum Tm {
    | ^^^^^^^

warning: type `L05_pruning::Tm` is more private than the item `L05_pruning::pretty_tm`
    --> src\L05_pruning\mod.rs:1276:1
     |
1276 | pub fn pretty_tm(prec: usize, ns: &[String], t: &Tm) -> String {
     | ^^^^^^^^^^^^^^^^^^^^^^^^^^^^^^^^^^^^^^^^^^^^^^^^^^^^^^^^^^^^^^ function `L05_pruning::pretty_tm` is reachable at visibility `pub(crate)`
     |
note: but type `L05_pruning::Tm` is only usable at visibility `pub(self)`
    --> src\L05_pruning\mod.rs:125:1
     |
 125 | enum Tm {
     | ^^^^^^^

warning: type `L06_string::Tm` is more private than the item `L06_string::DeclTm::Println::0`
  --> src\L06_string\mod.rs:37:13
   |
37 |     Println(Tm),
   |             ^^ field `L06_string::DeclTm::Println::0` is reachable at visibility `pub(crate)`
   |
note: but type `L06_string::Tm` is only usable at visibility `pub(self)`
  --> src\L06_string\mod.rs:41:1
   |
41 | enum Tm {
   | ^^^^^^^

warning: type `L06_string::Val` is more private than the item `L06_string::DeclEntry::vt`
   --> src\L06_string\mod.rs:145:5
    |
145 |     pub(crate) vt: Rc<Val>,
    |     ^^^^^^^^^^^^^^^^^^^^^^ field `L06_string::DeclEntry::vt` is reachable at visibility `pub(crate)`
    |
note: but type `L06_string::Val` is only usable at visibility `pub(self)`
   --> src\L06_string\mod.rs:74:1
    |
 74 | enum Val {
    | ^^^^^^^^

warning: type `L06_string::Val` is more private than the item `L06_string::DeclEntry::va`
   --> src\L06_string\mod.rs:146:5
    |
146 |     pub(crate) va: Rc<VTy>,
    |     ^^^^^^^^^^^^^^^^^^^^^^ field `L06_string::DeclEntry::va` is reachable at visibility `pub(crate)`
    |
note: but type `L06_string::Val` is only usable at visibility `pub(self)`
   --> src\L06_string\mod.rs:74:1
    |
 74 | enum Val {
    | ^^^^^^^^

warning: type `L06_string::Val` is more private than the item `L06_string::Infer::mutable_map`
   --> src\L06_string\mod.rs:158:5
    |
158 |     pub(crate) mutable_map: RefCell<HashMap<String, Rc<Val>>>,
    |     ^^^^^^^^^^^^^^^^^^^^^^^^^^^^^^^^^^^^^^^^^^^^^^^^^^^^^^^^^ field `L06_string::Infer::mutable_map` is reachable at visibility `pub(crate)`
    |
note: but type `L06_string::Val` is only usable at visibility `pub(self)`
   --> src\L06_string\mod.rs:74:1
    |
 74 | enum Val {
    | ^^^^^^^^

warning: type `L06_string::Val` is more private than the item `L06_string::Infer::register_builtin`
   --> src\L06_string\mod.rs:167:5
    |
167 |     pub(crate) fn register_builtin(&mut self, name: &str, vt: Rc<Val>, va: Rc<VTy>, prim: PrimFunc) {
    |     ^^^^^^^^^^^^^^^^^^^^^^^^^^^^^^^^^^^^^^^^^^^^^^^^^^^^^^^^^^^^^^^^^^^^^^^^^^^^^^^^^^^^^^^^^^^^^^^ method `L06_string::Infer::register_builtin` is reachable at visibility `pub(crate)`
    |
note: but type `L06_string::Val` is only usable at visibility `pub(self)`
   --> src\L06_string\mod.rs:74:1
    |
 74 | enum Val {
    | ^^^^^^^^

warning: type `L06_string::Val` is more private than the item `L06_string::Infer::nf`
   --> src\L06_string\mod.rs:321:5
    |
321 |     pub fn nf(&self, env: &Env, t: Tm) -> Tm {
    |     ^^^^^^^^^^^^^^^^^^^^^^^^^^^^^^^^^^^^^^^^ method `L06_string::Infer::nf` is reachable at visibility `pub(crate)`
    |
note: but type `L06_string::Val` is only usable at visibility `pub(self)`
   --> src\L06_string\mod.rs:74:1
    |
 74 | enum Val {
    | ^^^^^^^^

warning: type `L06_string::Tm` is more private than the item `L06_string::Infer::nf`
   --> src\L06_string\mod.rs:321:5
    |
321 |     pub fn nf(&self, env: &Env, t: Tm) -> Tm {
    |     ^^^^^^^^^^^^^^^^^^^^^^^^^^^^^^^^^^^^^^^^ method `L06_string::Infer::nf` is reachable at visibility `pub(crate)`
    |
note: but type `L06_string::Tm` is only usable at visibility `pub(self)`
   --> src\L06_string\mod.rs:41:1
    |
 41 | enum Tm {
    | ^^^^^^^

warning: type `L06_string::Val` is more private than the item `L06_string::elaboration::<impl L06_string::Infer>::infer`
   --> src\L06_string\elaboration.rs:161:5
    |
161 |     pub fn infer(&mut self, cxt: &Cxt, t: Decl) -> Result<(DeclTm, Val, Cxt), Error> {
    |     ^^^^^^^^^^^^^^^^^^^^^^^^^^^^^^^^^^^^^^^^^^^^^^^^^^^^^^^^^^^^^^^^^^^^^^^^^^^^^^^^ method `L06_string::elaboration::<impl L06_string::Infer>::infer` is reachable at visibility `pub(crate)`
    |
note: but type `L06_string::Val` is only usable at visibility `pub(self)`
   --> src\L06_string\mod.rs:74:1
    |
 74 | enum Val {
    | ^^^^^^^^

warning: type `L06_string::Tm` is more private than the item `L06_string::elaboration::<impl L06_string::Infer>::infer_expr`
   --> src\L06_string\elaboration.rs:220:5
    |
220 |     pub fn infer_expr(&mut self, cxt: &Cxt, t: Raw) -> Result<(Tm, Rc<Val>), Error> {
    |     ^^^^^^^^^^^^^^^^^^^^^^^^^^^^^^^^^^^^^^^^^^^^^^^^^^^^^^^^^^^^^^^^^^^^^^^^^^^^^^^ method `L06_string::elaboration::<impl L06_string::Infer>::infer_expr` is reachable at visibility `pub(crate)`
    |
note: but type `L06_string::Tm` is only usable at visibility `pub(self)`
   --> src\L06_string\mod.rs:41:1
    |
 41 | enum Tm {
    | ^^^^^^^

warning: type `L06_string::Val` is more private than the item `L06_string::elaboration::<impl L06_string::Infer>::infer_expr`
   --> src\L06_string\elaboration.rs:220:5
    |
220 |     pub fn infer_expr(&mut self, cxt: &Cxt, t: Raw) -> Result<(Tm, Rc<Val>), Error> {
    |     ^^^^^^^^^^^^^^^^^^^^^^^^^^^^^^^^^^^^^^^^^^^^^^^^^^^^^^^^^^^^^^^^^^^^^^^^^^^^^^^ method `L06_string::elaboration::<impl L06_string::Infer>::infer_expr` is reachable at visibility `pub(crate)`
    |
note: but type `L06_string::Val` is only usable at visibility `pub(self)`
   --> src\L06_string\mod.rs:74:1
    |
 74 | enum Val {
    | ^^^^^^^^

warning: type `L06_string::Val` is more private than the item `L06_string::cxt::Cxt::env`
   --> src\L06_string\cxt.rs:261:5
    |
261 |     pub env: Env, // Used for evaluation
    |     ^^^^^^^^^^^^ field `L06_string::cxt::Cxt::env` is reachable at visibility `pub(crate)`
    |
note: but type `L06_string::Val` is only usable at visibility `pub(self)`
   --> src\L06_string\mod.rs:74:1
    |
 74 | enum Val {
    | ^^^^^^^^

warning: type `L06_string::Val` is more private than the item `L06_string::cxt::Cxt::src_names`
   --> src\L06_string\cxt.rs:265:5
    |
265 |     pub src_names: HashMap<String, (Lvl, Rc<VTy>)>,
    |     ^^^^^^^^^^^^^^^^^^^^^^^^^^^^^^^^^^^^^^^^^^^^^^ field `L06_string::cxt::Cxt::src_names` is reachable at visibility `pub(crate)`
    |
note: but type `L06_string::Val` is only usable at visibility `pub(self)`
   --> src\L06_string\mod.rs:74:1
    |
 74 | enum Val {
    | ^^^^^^^^

warning: type `L06_string::Tm` is more private than the item `L06_string::cxt::Cxt::add_builtin`
   --> src\L06_string\cxt.rs:327:5
    |
327 |     pub fn add_builtin(self, infer: &mut Infer, name: &str, ty: Tm, prim: PrimFunc) -> Self {
    |     ^^^^^^^^^^^^^^^^^^^^^^^^^^^^^^^^^^^^^^^^^^^^^^^^^^^^^^^^^^^^^^^^^^^^^^^^^^^^^^^^^^^^^^^ method `L06_string::cxt::Cxt::add_builtin` is reachable at visibility `pub(crate)`
    |
note: but type `L06_string::Tm` is only usable at visibility `pub(self)`
   --> src\L06_string\mod.rs:41:1
    |
 41 | enum Tm {
    | ^^^^^^^

warning: type `L06_string::Tm` is more private than the item `L06_string::cxt::Cxt::bind`
   --> src\L06_string\cxt.rs:365:5
    |
365 |     pub fn bind(&self, x: Span<String>, a_quote: Tm, a: Rc<Val>) -> Self {
    |     ^^^^^^^^^^^^^^^^^^^^^^^^^^^^^^^^^^^^^^^^^^^^^^^^^^^^^^^^^^^^^^^^^^^^ method `L06_string::cxt::Cxt::bind` is reachable at visibility `pub(crate)`
    |
note: but type `L06_string::Tm` is only usable at visibility `pub(self)`
   --> src\L06_string\mod.rs:41:1
    |
 41 | enum Tm {
    | ^^^^^^^

warning: type `L06_string::Val` is more private than the item `L06_string::cxt::Cxt::bind`
   --> src\L06_string\cxt.rs:365:5
    |
365 |     pub fn bind(&self, x: Span<String>, a_quote: Tm, a: Rc<Val>) -> Self {
    |     ^^^^^^^^^^^^^^^^^^^^^^^^^^^^^^^^^^^^^^^^^^^^^^^^^^^^^^^^^^^^^^^^^^^^ method `L06_string::cxt::Cxt::bind` is reachable at visibility `pub(crate)`
    |
note: but type `L06_string::Val` is only usable at visibility `pub(self)`
   --> src\L06_string\mod.rs:74:1
    |
 74 | enum Val {
    | ^^^^^^^^

warning: type `L06_string::Tm` is more private than the item `L06_string::cxt::Cxt::new_binder`
   --> src\L06_string\cxt.rs:378:5
    |
378 |     pub fn new_binder(&self, x: Span<String>, a_quote: Tm) -> Self {
    |     ^^^^^^^^^^^^^^^^^^^^^^^^^^^^^^^^^^^^^^^^^^^^^^^^^^^^^^^^^^^^^^ method `L06_string::cxt::Cxt::new_binder` is reachable at visibility `pub(crate)`
    |
note: but type `L06_string::Tm` is only usable at visibility `pub(self)`
   --> src\L06_string\mod.rs:41:1
    |
 41 | enum Tm {
    | ^^^^^^^

warning: type `L06_string::Tm` is more private than the item `L06_string::cxt::Cxt::define`
   --> src\L06_string\cxt.rs:389:5
    |
389 |     pub fn define(&self, x: Span<String>, t: Tm, vt: Rc<Val>, a: Ty, va: Rc<VTy>) -> Self {
    |     ^^^^^^^^^^^^^^^^^^^^^^^^^^^^^^^^^^^^^^^^^^^^^^^^^^^^^^^^^^^^^^^^^^^^^^^^^^^^^^^^^^^^^ method `L06_string::cxt::Cxt::define` is reachable at visibility `pub(crate)`
    |
note: but type `L06_string::Tm` is only usable at visibility `pub(self)`
   --> src\L06_string\mod.rs:41:1
    |
 41 | enum Tm {
    | ^^^^^^^

warning: type `L06_string::Val` is more private than the item `L06_string::cxt::Cxt::define`
   --> src\L06_string\cxt.rs:389:5
    |
389 |     pub fn define(&self, x: Span<String>, t: Tm, vt: Rc<Val>, a: Ty, va: Rc<VTy>) -> Self {
    |     ^^^^^^^^^^^^^^^^^^^^^^^^^^^^^^^^^^^^^^^^^^^^^^^^^^^^^^^^^^^^^^^^^^^^^^^^^^^^^^^^^^^^^ method `L06_string::cxt::Cxt::define` is reachable at visibility `pub(crate)`
    |
note: but type `L06_string::Val` is only usable at visibility `pub(self)`
   --> src\L06_string\mod.rs:74:1
    |
 74 | enum Val {
    | ^^^^^^^^

warning: type `L06_string::Val` is more private than the item `L06_string::unification::<impl L06_string::Infer>::unify`
   --> src\L06_string\unification.rs:448:5
    |
448 |     pub fn unify(&mut self, l: Lvl, t: &Rc<Val>, u: &Rc<Val>) -> Result<(), UnifyError> {
    |     ^^^^^^^^^^^^^^^^^^^^^^^^^^^^^^^^^^^^^^^^^^^^^^^^^^^^^^^^^^^^^^^^^^^^^^^^^^^^^^^^^^^ method `L06_string::unification::<impl L06_string::Infer>::unify` is reachable at visibility `pub(crate)`
    |
note: but type `L06_string::Val` is only usable at visibility `pub(self)`
   --> src\L06_string\mod.rs:74:1
    |
 74 | enum Val {
    | ^^^^^^^^

warning: type `L06_string::UnifyError` is more private than the item `L06_string::unification::<impl L06_string::Infer>::unify`
   --> src\L06_string\unification.rs:448:5
    |
448 |     pub fn unify(&mut self, l: Lvl, t: &Rc<Val>, u: &Rc<Val>) -> Result<(), UnifyError> {
    |     ^^^^^^^^^^^^^^^^^^^^^^^^^^^^^^^^^^^^^^^^^^^^^^^^^^^^^^^^^^^^^^^^^^^^^^^^^^^^^^^^^^^ method `L06_string::unification::<impl L06_string::Infer>::unify` is reachable at visibility `pub(crate)`
    |
note: but type `L06_string::UnifyError` is only usable at visibility `pub(self)`
   --> src\L06_string\mod.rs:102:1
    |
102 | struct UnifyError;
    | ^^^^^^^^^^^^^^^^^

warning: type `L06_string::Tm` is more private than the item `L06_string::syntax::Locals::Define::2`
  --> src\L06_string\syntax.rs:10:39
   |
10 |     Define(Box<Locals>, Span<String>, Ty, Tm),
   |                                       ^^ field `L06_string::syntax::Locals::Define::2` is reachable at visibility `pub(crate)`
   |
note: but type `L06_string::Tm` is only usable at visibility `pub(self)`
  --> src\L06_string\mod.rs:41:1
   |
41 | enum Tm {
   | ^^^^^^^

warning: type `L06_string::Tm` is more private than the item `L06_string::syntax::Locals::Define::3`
  --> src\L06_string\syntax.rs:10:43
   |
10 |     Define(Box<Locals>, Span<String>, Ty, Tm),
   |                                           ^^ field `L06_string::syntax::Locals::Define::3` is reachable at visibility `pub(crate)`
   |
note: but type `L06_string::Tm` is only usable at visibility `pub(self)`
  --> src\L06_string\mod.rs:41:1
   |
41 | enum Tm {
   | ^^^^^^^

warning: type `L06_string::Tm` is more private than the item `L06_string::syntax::Locals::Bind::2`
  --> src\L06_string\syntax.rs:11:37
   |
11 |     Bind(Box<Locals>, Span<String>, Ty),
   |                                     ^^ field `L06_string::syntax::Locals::Bind::2` is reachable at visibility `pub(crate)`
   |
note: but type `L06_string::Tm` is only usable at visibility `pub(self)`
  --> src\L06_string\mod.rs:41:1
   |
41 | enum Tm {
   | ^^^^^^^

warning: type `SpecSolve<'_>` is more private than the item `L07_sum_type::unification::<impl L07_sum_type::Infer>::unify`
   --> src\L07_sum_type\unification.rs:602:5
    |
602 | /     pub fn unify(
603 | |         &mut self,
604 | |         decl: &Decls,
605 | |         l: Lvl,
...   |
609 | |         mut spec: Option<&mut SpecSolve<'_>>,
610 | |     ) -> Result<(), UnifyError> {
    | |_______________________________^ method `L07_sum_type::unification::<impl L07_sum_type::Infer>::unify` is reachable at visibility `pub`
    |
note: but type `SpecSolve<'_>` is only usable at visibility `pub(crate)`
   --> src\L07_sum_type\unification.rs:42:1
    |
 42 | pub(crate) struct SpecSolve<'a> {
    | ^^^^^^^^^^^^^^^^^^^^^^^^^^^^^^^

warning: type `L07_sum_type::UnifyError` is more private than the item `L07_sum_type::unification::<impl L07_sum_type::Infer>::unify`
   --> src\L07_sum_type\unification.rs:602:5
    |
602 | /     pub fn unify(
603 | |         &mut self,
604 | |         decl: &Decls,
605 | |         l: Lvl,
...   |
609 | |         mut spec: Option<&mut SpecSolve<'_>>,
610 | |     ) -> Result<(), UnifyError> {
    | |_______________________________^ method `L07_sum_type::unification::<impl L07_sum_type::Infer>::unify` is reachable at visibility `pub`
    |
note: but type `L07_sum_type::UnifyError` is only usable at visibility `pub(crate)`
   --> src\L07_sum_type\mod.rs:389:1
    |
389 | pub(crate) struct UnifyError;
    | ^^^^^^^^^^^^^^^^^^^^^^^^^^^^

warning: type `L08_product_type::UnifyError` is more private than the item `L08_product_type::unification::<impl L08_product_type::Infer>::unify`
   --> src\L08_product_type\unification.rs:592:5
    |
592 | /     pub fn unify(
593 | |         &mut self,
594 | |         decl: &Decls,
595 | |         l: Lvl,
...   |
598 | |         u: Val,
599 | |     ) -> Result<(), UnifyError> {
    | |_______________________________^ method `L08_product_type::unification::<impl L08_product_type::Infer>::unify` is reachable at visibility `pub`
    |
note: but type `L08_product_type::UnifyError` is only usable at visibility `pub(crate)`
   --> src\L08_product_type\mod.rs:210:1
    |
210 | pub(crate) struct UnifyError;
    | ^^^^^^^^^^^^^^^^^^^^^^^^^^^^

warning: type `L09_mltt::UnifyError` is more private than the item `L09_mltt::unification::<impl L09_mltt::Infer>::invert`
   --> src\L09_mltt\unification.rs:83:5
    |
 83 | /     pub fn invert(
 84 | |         &self,
 85 | |         gamma: Lvl,
 86 | |         sp: Spine,
 87 | |     ) -> Result<(PartialRenaming, Option<Pruning>), UnifyError> {
    | |_______________________________________________________________^ method `L09_mltt::unification::<impl L09_mltt::Infer>::invert` is reachable at visibility `pub(crate)`
    |
note: but type `L09_mltt::UnifyError` is only usable at visibility `pub(self)`
   --> src\L09_mltt\mod.rs:191:1
    |
191 | struct UnifyError;
    | ^^^^^^^^^^^^^^^^^

warning: type `L09_mltt::UnifyError` is more private than the item `L09_mltt::unification::<impl L09_mltt::Infer>::prune_ty`
   --> src\L09_mltt\unification.rs:136:5
    |
136 |     pub fn prune_ty(&mut self, pr: &Pruning, a: Val) -> Result<Tm, UnifyError> {
    |     ^^^^^^^^^^^^^^^^^^^^^^^^^^^^^^^^^^^^^^^^^^^^^^^^^^^^^^^^^^^^^^^^^^^^^^^^^^ method `L09_mltt::unification::<impl L09_mltt::Infer>::prune_ty` is reachable at visibility `pub(crate)`
    |
note: but type `L09_mltt::UnifyError` is only usable at visibility `pub(self)`
   --> src\L09_mltt\mod.rs:191:1
    |
191 | struct UnifyError;
    | ^^^^^^^^^^^^^^^^^

warning: type `L09_mltt::UnifyError` is more private than the item `L09_mltt::unification::<impl L09_mltt::Infer>::rename`
   --> src\L09_mltt\unification.rs:257:5
    |
257 |     pub fn rename(&mut self, pren: &PartialRenaming, t: Val) -> Result<Tm, UnifyError> {
    |     ^^^^^^^^^^^^^^^^^^^^^^^^^^^^^^^^^^^^^^^^^^^^^^^^^^^^^^^^^^^^^^^^^^^^^^^^^^^^^^^^^^ method `L09_mltt::unification::<impl L09_mltt::Infer>::rename` is reachable at visibility `pub(crate)`
    |
note: but type `L09_mltt::UnifyError` is only usable at visibility `pub(self)`
   --> src\L09_mltt\mod.rs:191:1
    |
191 | struct UnifyError;
    | ^^^^^^^^^^^^^^^^^

warning: type `L09_mltt::UnifyError` is more private than the item `L09_mltt::unification::<impl L09_mltt::Infer>::unify`
   --> src\L09_mltt\unification.rs:527:5
    |
527 |     pub fn unify(&mut self, l: Lvl, cxt: &Cxt, t: Val, u: Val) -> Result<(), UnifyError> {
    |     ^^^^^^^^^^^^^^^^^^^^^^^^^^^^^^^^^^^^^^^^^^^^^^^^^^^^^^^^^^^^^^^^^^^^^^^^^^^^^^^^^^^^ method `L09_mltt::unification::<impl L09_mltt::Infer>::unify` is reachable at visibility `pub(crate)`
    |
note: but type `L09_mltt::UnifyError` is only usable at visibility `pub(self)`
   --> src\L09_mltt\mod.rs:191:1
    |
191 | struct UnifyError;
    | ^^^^^^^^^^^^^^^^^

warning: type `L10_typeclass::UnifyError` is more private than the item `L10_typeclass::unification::<impl L10_typeclass::Infer>::invert`
   --> src\L10_typeclass\unification.rs:83:5
    |
 83 | /     pub fn invert(
 84 | |         &self,
 85 | |         gamma: Lvl,
 86 | |         sp: &Spine,
 87 | |     ) -> Result<(PartialRenaming, Option<Pruning>), UnifyError> {
    | |_______________________________________________________________^ method `L10_typeclass::unification::<impl L10_typeclass::Infer>::invert` is reachable at visibility `pub(crate)`
    |
note: but type `L10_typeclass::UnifyError` is only usable at visibility `pub(self)`
   --> src\L10_typeclass\mod.rs:187:1
    |
187 | enum UnifyError {
    | ^^^^^^^^^^^^^^^

warning: type `L10_typeclass::UnifyError` is more private than the item `L10_typeclass::unification::<impl L10_typeclass::Infer>::prune_ty`
   --> src\L10_typeclass\unification.rs:137:5
    |
137 |     pub fn prune_ty(&mut self, pr: &Pruning, a: &Rc<Val>) -> Result<Rc<Tm>, UnifyError> {
    |     ^^^^^^^^^^^^^^^^^^^^^^^^^^^^^^^^^^^^^^^^^^^^^^^^^^^^^^^^^^^^^^^^^^^^^^^^^^^^^^^^^^^ method `L10_typeclass::unification::<impl L10_typeclass::Infer>::prune_ty` is reachable at visibility `pub(crate)`
    |
note: but type `L10_typeclass::UnifyError` is only usable at visibility `pub(self)`
   --> src\L10_typeclass\mod.rs:187:1
    |
187 | enum UnifyError {
    | ^^^^^^^^^^^^^^^

warning: type `L10_typeclass::UnifyError` is more private than the item `L10_typeclass::unification::<impl L10_typeclass::Infer>::rename`
   --> src\L10_typeclass\unification.rs:260:5
    |
260 |     pub fn rename(&mut self, pren: &PartialRenaming, t: &Rc<Val>) -> Result<Rc<Tm>, UnifyError> {
    |     ^^^^^^^^^^^^^^^^^^^^^^^^^^^^^^^^^^^^^^^^^^^^^^^^^^^^^^^^^^^^^^^^^^^^^^^^^^^^^^^^^^^^^^^^^^^ method `L10_typeclass::unification::<impl L10_typeclass::Infer>::rename` is reachable at visibility `pub(crate)`
    |
note: but type `L10_typeclass::UnifyError` is only usable at visibility `pub(self)`
   --> src\L10_typeclass\mod.rs:187:1
    |
187 | enum UnifyError {
    | ^^^^^^^^^^^^^^^

warning: type `L10_typeclass::UnifyError` is more private than the item `L10_typeclass::unification::<impl L10_typeclass::Infer>::solve_multi_trait`
   --> src\L10_typeclass\unification.rs:441:5
    |
441 |     pub fn solve_multi_trait(&mut self, cxt: &Cxt, m: MetaVar) -> Result<(), UnifyError>{
    |     ^^^^^^^^^^^^^^^^^^^^^^^^^^^^^^^^^^^^^^^^^^^^^^^^^^^^^^^^^^^^^^^^^^^^^^^^^^^^^^^^^^^^ method `L10_typeclass::unification::<impl L10_typeclass::Infer>::solve_multi_trait` is reachable at visibility `pub(crate)`
    |
note: but type `L10_typeclass::UnifyError` is only usable at visibility `pub(self)`
   --> src\L10_typeclass\mod.rs:187:1
    |
187 | enum UnifyError {
    | ^^^^^^^^^^^^^^^

warning: type `L10_typeclass::UnifyError` is more private than the item `L10_typeclass::unification::<impl L10_typeclass::Infer>::unify`
   --> src\L10_typeclass\unification.rs:594:5
    |
594 |     pub fn unify(&mut self, l: Lvl, cxt: &Cxt, t: &Rc<Val>, u: &Rc<Val>) -> Result<(), UnifyError> {
    |     ^^^^^^^^^^^^^^^^^^^^^^^^^^^^^^^^^^^^^^^^^^^^^^^^^^^^^^^^^^^^^^^^^^^^^^^^^^^^^^^^^^^^^^^^^^^^^^ method `L10_typeclass::unification::<impl L10_typeclass::Infer>::unify` is reachable at visibility `pub(crate)`
    |
note: but type `L10_typeclass::UnifyError` is only usable at visibility `pub(self)`
   --> src\L10_typeclass\mod.rs:187:1
    |
187 | enum UnifyError {
    | ^^^^^^^^^^^^^^^

warning: type `L11_macro::UnifyError` is more private than the item `L11_macro::unification::<impl L11_macro::Infer>::invert`
   --> src\L11_macro\unification.rs:86:5
    |
 86 | /     pub fn invert(
 87 | |         &self,
 88 | |         gamma: Lvl,
 89 | |         decl: &Decl,
 90 | |         sp: &Spine,
 91 | |     ) -> Result<(PartialRenaming, Option<Pruning>), UnifyError> {
    | |_______________________________________________________________^ method `L11_macro::unification::<impl L11_macro::Infer>::invert` is reachable at visibility `pub(crate)`
    |
note: but type `L11_macro::UnifyError` is only usable at visibility `pub(self)`
   --> src\L11_macro\mod.rs:216:1
    |
216 | enum UnifyError {
    | ^^^^^^^^^^^^^^^

warning: type `L11_macro::UnifyError` is more private than the item `L11_macro::unification::<impl L11_macro::Infer>::prune_ty`
   --> src\L11_macro\unification.rs:142:5
    |
142 |     pub fn prune_ty(&mut self, decl: &Decl, pr: &Pruning, a: &Rc<Val>) -> Result<Rc<Tm>, UnifyError> {
    |     ^^^^^^^^^^^^^^^^^^^^^^^^^^^^^^^^^^^^^^^^^^^^^^^^^^^^^^^^^^^^^^^^^^^^^^^^^^^^^^^^^^^^^^^^^^^^^^^^ method `L11_macro::unification::<impl L11_macro::Infer>::prune_ty` is reachable at visibility `pub(crate)`
    |
note: but type `L11_macro::UnifyError` is only usable at visibility `pub(self)`
   --> src\L11_macro\mod.rs:216:1
    |
216 | enum UnifyError {
    | ^^^^^^^^^^^^^^^

warning: type `L11_macro::UnifyError` is more private than the item `L11_macro::unification::<impl L11_macro::Infer>::rename`
   --> src\L11_macro\unification.rs:270:5
    |
270 |     pub fn rename(&mut self, decl: &Decl, pren: &PartialRenaming, t: &Rc<Val>) -> Result<Rc<Tm>, UnifyError> {
    |     ^^^^^^^^^^^^^^^^^^^^^^^^^^^^^^^^^^^^^^^^^^^^^^^^^^^^^^^^^^^^^^^^^^^^^^^^^^^^^^^^^^^^^^^^^^^^^^^^^^^^^^^^ method `L11_macro::unification::<impl L11_macro::Infer>::rename` is reachable at visibility `pub(crate)`
    |
note: but type `L11_macro::UnifyError` is only usable at visibility `pub(self)`
   --> src\L11_macro\mod.rs:216:1
    |
216 | enum UnifyError {
    | ^^^^^^^^^^^^^^^

warning: type `L11_macro::UnifyError` is more private than the item `L11_macro::unification::<impl L11_macro::Infer>::solve_multi_trait`
   --> src\L11_macro\unification.rs:462:5
    |
462 |     pub fn solve_multi_trait(&mut self, cxt: &Cxt, m: MetaVar) -> Result<(), UnifyError>{
    |     ^^^^^^^^^^^^^^^^^^^^^^^^^^^^^^^^^^^^^^^^^^^^^^^^^^^^^^^^^^^^^^^^^^^^^^^^^^^^^^^^^^^^ method `L11_macro::unification::<impl L11_macro::Infer>::solve_multi_trait` is reachable at visibility `pub(crate)`
    |
note: but type `L11_macro::UnifyError` is only usable at visibility `pub(self)`
   --> src\L11_macro\mod.rs:216:1
    |
216 | enum UnifyError {
    | ^^^^^^^^^^^^^^^

warning: type `L11_macro::UnifyError` is more private than the item `L11_macro::unification::<impl L11_macro::Infer>::unify`
   --> src\L11_macro\unification.rs:631:5
    |
631 |     pub fn unify(&mut self, l: Lvl, cxt: &Cxt, t: &Rc<Val>, u: &Rc<Val>) -> Result<(), UnifyError> {
    |     ^^^^^^^^^^^^^^^^^^^^^^^^^^^^^^^^^^^^^^^^^^^^^^^^^^^^^^^^^^^^^^^^^^^^^^^^^^^^^^^^^^^^^^^^^^^^^^ method `L11_macro::unification::<impl L11_macro::Infer>::unify` is reachable at visibility `pub(crate)`
    |
note: but type `L11_macro::UnifyError` is only usable at visibility `pub(self)`
   --> src\L11_macro\mod.rs:216:1
    |
216 | enum UnifyError {
    | ^^^^^^^^^^^^^^^

warning: type `L11_macro::bump_spine_iter::PrimId` is more private than the item `L11_macro::bump_spine_iter::Tm::Prim::1`
   --> src\L11_macro\bump_spine_iter.rs:120:13
    |
120 |     Prim(V, PrimId),
    |             ^^^^^^ field `L11_macro::bump_spine_iter::Tm::Prim::1` is reachable at visibility `pub(crate)`
    |
note: but type `L11_macro::bump_spine_iter::PrimId` is only usable at visibility `pub(self)`
   --> src\L11_macro\bump_spine_iter.rs:82:1
    |
 82 | enum PrimId {
    | ^^^^^^^^^^^

warning: type `L11_macro::bump_spine_iter::PrimId` is more private than the item `L11_macro::bump_spine_iter::XCell::Prim::pid`
   --> src\L11_macro\bump_spine_iter.rs:312:20
    |
312 |     Prim { typ: V, pid: PrimId },
    |                    ^^^^^^^^^^^ field `L11_macro::bump_spine_iter::XCell::Prim::pid` is reachable at visibility `pub(crate)`
    |
note: but type `L11_macro::bump_spine_iter::PrimId` is only usable at visibility `pub(self)`
   --> src\L11_macro\bump_spine_iter.rs:82:1
    |
 82 | enum PrimId {
    | ^^^^^^^^^^^

warning: type `L12_canonical::bump_spine_iter::PrimId` is more private than the item `L12_canonical::bump_spine_iter::Tm::Prim::1`
   --> src\L12_canonical\bump_spine_iter.rs:146:13
    |
146 |     Prim(V, PrimId),
    |             ^^^^^^ field `L12_canonical::bump_spine_iter::Tm::Prim::1` is reachable at visibility `pub(crate)`
    |
note: but type `L12_canonical::bump_spine_iter::PrimId` is only usable at visibility `pub(self)`
   --> src\L12_canonical\bump_spine_iter.rs:108:1
    |
108 | enum PrimId {
    | ^^^^^^^^^^^

warning: type `L12_canonical::bump_spine_iter::PrimId` is more private than the item `L12_canonical::bump_spine_iter::XCell::Prim::pid`
   --> src\L12_canonical\bump_spine_iter.rs:338:20
    |
338 |     Prim { typ: V, pid: PrimId },
    |                    ^^^^^^^^^^^ field `L12_canonical::bump_spine_iter::XCell::Prim::pid` is reachable at visibility `pub(crate)`
    |
note: but type `L12_canonical::bump_spine_iter::PrimId` is only usable at visibility `pub(self)`
   --> src\L12_canonical\bump_spine_iter.rs:108:1
    |
108 | enum PrimId {
    | ^^^^^^^^^^^

warning: type `L12_canonical::bump_spine_iter::TCons<'a>` is more private than the item `L12_canonical::bump_spine_iter::MetaSnap::types`
    --> src\L12_canonical\bump_spine_iter.rs:653:5
     |
 653 |     pub(crate) types: Option<&'a TCons<'a>>,
     |     ^^^^^^^^^^^^^^^^^^^^^^^^^^^^^^^^^^^^^^^ field `L12_canonical::bump_spine_iter::MetaSnap::types` is reachable at visibility `pub(crate)`
     |
note: but type `L12_canonical::bump_spine_iter::TCons<'a>` is only usable at visibility `pub(self)`
    --> src\L12_canonical\bump_spine_iter.rs:4649:1
     |
4649 | struct TCons<'a> {
     | ^^^^^^^^^^^^^^^^

warning: type `L13_namespace::bump_spine_iter::PrimId` is more private than the item `L13_namespace::bump_spine_iter::DeclEntry::prim`
   --> src\L13_namespace\bump_spine_iter.rs:702:5
    |
702 |     pub(crate) prim: Option<PrimId>,
    |     ^^^^^^^^^^^^^^^^^^^^^^^^^^^^^^^ field `L13_namespace::bump_spine_iter::DeclEntry::prim` is reachable at visibility `pub(crate)`
    |
note: but type `L13_namespace::bump_spine_iter::PrimId` is only usable at visibility `pub(self)`
   --> src\L13_namespace\bump_spine_iter.rs:146:1
    |
146 | enum PrimId {
    | ^^^^^^^^^^^

warning: type `L13_namespace::bump_spine_iter::TCons<'a>` is more private than the item `L13_namespace::bump_spine_iter::MetaSnap::types`
    --> src\L13_namespace\bump_spine_iter.rs:999:5
     |
 999 |     pub(crate) types: Option<&'a TCons<'a>>,
     |     ^^^^^^^^^^^^^^^^^^^^^^^^^^^^^^^^^^^^^^^ field `L13_namespace::bump_spine_iter::MetaSnap::types` is reachable at visibility `pub(crate)`
     |
note: but type `L13_namespace::bump_spine_iter::TCons<'a>` is only usable at visibility `pub(self)`
    --> src\L13_namespace\bump_spine_iter.rs:7557:1
     |
7557 | struct TCons<'a> {
     | ^^^^^^^^^^^^^^^^

warning: type `L13_namespace::bump_spine_iter::Cxt<'static>` is more private than the item `L13_namespace::bump_spine_iter::MetaSnap::cxt`
    --> src\L13_namespace\bump_spine_iter.rs:1008:5
     |
1008 |     pub(crate) cxt: Cxt<'static>,
     |     ^^^^^^^^^^^^^^^^^^^^^^^^^^^^ field `L13_namespace::bump_spine_iter::MetaSnap::cxt` is reachable at visibility `pub(crate)`
     |
note: but type `L13_namespace::bump_spine_iter::Cxt<'static>` is only usable at visibility `pub(self)`
    --> src\L13_namespace\bump_spine_iter.rs:7579:1
     |
7579 | struct Cxt<'a> {
     | ^^^^^^^^^^^^^^

warning: type `L13_namespace::bump_spine_iter::Cxt<'a>` is more private than the item `L13_namespace::bump_spine_iter::Machine::push_hover`
    --> src\L13_namespace\bump_spine_iter.rs:5936:5
     |
5936 | /     pub(crate) fn push_hover<'a>(
5937 | |         &mut self,
5938 | |         bump: &'a Bump,
5939 | |         cxt: &Cxt<'a>,
...    |
5942 | |         v: V,
5943 | |     ) {
     | |_____^ method `L13_namespace::bump_spine_iter::Machine::push_hover` is reachable at visibility `pub(crate)`
     |
note: but type `L13_namespace::bump_spine_iter::Cxt<'a>` is only usable at visibility `pub(self)`
    --> src\L13_namespace\bump_spine_iter.rs:7579:1
     |
7579 | struct Cxt<'a> {
     | ^^^^^^^^^^^^^^

warning: type `L13_namespace::bump_spine_iter::Cxt<'a>` is more private than the item `L13_namespace::bump_spine_iter::Machine::push_inlay_hint`
    --> src\L13_namespace\bump_spine_iter.rs:5982:5
     |
5982 | /     pub(crate) fn push_inlay_hint<'a>(
5983 | |         &mut self,
5984 | |         bump: &'a Bump,
5985 | |         cxt: &Cxt<'a>,
5986 | |         offset: u32,
5987 | |         v: V,
5988 | |     ) {
     | |_____^ method `L13_namespace::bump_spine_iter::Machine::push_inlay_hint` is reachable at visibility `pub(crate)`
     |
note: but type `L13_namespace::bump_spine_iter::Cxt<'a>` is only usable at visibility `pub(self)`
    --> src\L13_namespace\bump_spine_iter.rs:7579:1
     |
7579 | struct Cxt<'a> {
     | ^^^^^^^^^^^^^^

warning: type `format::layout::Item` is more private than the item `render`
   --> src\format\layout.rs:400:1
    |
400 | / pub(crate) fn render(
401 | |     raw: &str,
402 | |     items: &[Item],
403 | |     opts: &FormatOptions,
404 | |     eol: Eol,
405 | | ) -> Option<(String, Vec<usize>)> {
    | |_________________________________^ function `render` is reachable at visibility `pub(in crate::format)`
    |
note: but type `format::layout::Item` is only usable at visibility `pub(self)`
   --> src\format\layout.rs:159:1
    |
159 | struct Item {
    | ^^^^^^^^^^^

warning: fields `severity`, `range`, `path_id`, and `msg` are never read
   --> src\parser_lib.rs:185:5
    |
184 | pub struct Diagnostic {
    |            ---------- fields in this struct
185 |     severity: Severity,
    |     ^^^^^^^^
186 |     range: (u32, u32),
    |     ^^^^^
187 |     path_id: PathId,
    |     ^^^^^^^
188 |     msg: String,
    |     ^^^
    |
    = note: `Diagnostic` has derived impls for the traits `Debug` and `Clone`, but these are intentionally ignored during dead code analysis
    = note: `#[warn(dead_code)]` (part of `#[warn(unused)]`) on by default

warning: methods `many0_sep` and `many1_sep` are never used
   --> src\parser_lib.rs:245:8
    |
199 | pub trait Parser<I: Copy, A>: Sized + Copy {
    |           ------ methods in this trait
...
245 |     fn many0_sep<P, X>(self, sep: P) -> impl Parser<I, Vec<A>>
    |        ^^^^^^^^^
...
272 |     fn many1_sep<P, X>(self, sep: P) -> impl Parser<I, Vec<A>>
    |        ^^^^^^^^^

warning: enum `Maybe` is never used
   --> src\parser_lib.rs:348:10
    |
348 | pub enum Maybe<T, E> {
    |          ^^^^^

warning: methods `map`, `and_then`, and `unwrap_or_else` are never used
   --> src\parser_lib.rs:365:12
    |
364 | impl<T, E> Maybe<T, E> {
    | ---------------------- methods in this implementation
365 |     pub fn map<U, F>(self, mut f: F) -> Maybe<U, E>
    |            ^^^
...
374 |     pub fn and_then<U, F>(self, f: F) -> Maybe<U, E>
    |            ^^^^^^^^
...
383 |     pub fn unwrap_or_else<F>(self, f: F) -> T
    |            ^^^^^^^^^^^^^^

warning: method `raise_err` is never used
   --> src\parser_lib.rs:395:12
    |
394 | impl<T, E: Debug> Maybe<T, E> {
    | ----------------------------- method in this implementation
395 |     pub fn raise_err(self, err: &mut Vec<Diagnostic>) -> Self {
    |            ^^^^^^^^^

warning: function `maybe` is never used
   --> src\parser_lib.rs:415:8
    |
415 | pub fn maybe<'a: 'b, 'b, T, P, N: 'a + Copy, E: Copy>(
    |        ^^^^^

warning: function `pmatch_empty` is never used
   --> src\parser_lib.rs:454:8
    |
454 | pub fn pmatch_empty<'a, P: Pattern + Copy>(pat: P) -> impl Parser<Input<'a>, Span<&'a str>> {
    |        ^^^^^^^^^^^^

warning: trait `AstDebug` is never used
   --> src\parser_lib.rs:495:11
    |
495 | pub trait AstDebug {
    |           ^^^^^^^^

warning: type alias `Input` is never used
   --> src\parser_lib_resilient.rs:285:10
    |
285 | pub type Input<'a> = Span<&'a str>;
    |          ^^^^^

warning: enum `Maybe` is never used
   --> src\parser_lib_resilient.rs:288:10
    |
288 | pub enum Maybe<T, E> {
    |          ^^^^^

warning: methods `map`, `and_then`, and `unwrap_or_else` are never used
   --> src\parser_lib_resilient.rs:305:12
    |
304 | impl<T, E> Maybe<T, E> {
    | ---------------------- methods in this implementation
305 |     pub fn map<U, F>(self, mut f: F) -> Maybe<U, E>
    |            ^^^
...
314 |     pub fn and_then<U, F>(self, f: F) -> Maybe<U, E>
    |            ^^^^^^^^
...
323 |     pub fn unwrap_or_else<F>(self, f: F) -> T
    |            ^^^^^^^^^^^^^^

warning: method `raise_err` is never used
   --> src\parser_lib_resilient.rs:335:12
    |
334 | impl<T, E: Debug> Maybe<T, E> {
    | ----------------------------- method in this implementation
335 |     pub fn raise_err(self, err: &mut Vec<Diagnostic>) -> Self {
    |            ^^^^^^^^^

warning: trait `AstDebug` is never used
   --> src\parser_lib_resilient.rs:415:11
    |
415 | pub trait AstDebug {
    |           ^^^^^^^^

warning: function `bench_check_nf` is never used
   --> src\L02_tyck\mod.rs:646:15
    |
646 | pub(crate) fn bench_check_nf(raw: &Raw) {
    |               ^^^^^^^^^^^^^^

warning: function `bench_check` is never used
   --> src\L02_tyck\mod.rs:656:15
    |
656 | pub(crate) fn bench_check(raw: &Raw) {
    |               ^^^^^^^^^^^

warning: variant `Custom` is never constructed
  --> src\L02_tyck\parser\mod.rs:58:5
   |
55 | pub enum ErrMsg {
   |          ------ variant in this enum
...
58 |     Custom(String),
   |     ^^^^^^
   |
   = note: `ErrMsg` has derived impls for the traits `Clone` and `Debug`, but these are intentionally ignored during dead code analysis

warning: field `msg` is never read
  --> src\L02_tyck\parser\mod.rs:85:9
   |
84 | pub struct IError {
   |            ------ field in this struct
85 |     pub msg: Span<ErrMsg>,
   |         ^^^
   |
   = note: `IError` has derived impls for the traits `Clone` and `Debug`, but these are intentionally ignored during dead code analysis

warning: function `bench_check` is never used
    --> src\L03_holes\mod.rs:1097:15
     |
1097 | pub(crate) fn bench_check(raw: &Raw) {
     |               ^^^^^^^^^^^

warning: function `bench_check_nf` is never used
    --> src\L03_holes\mod.rs:1105:15
     |
1105 | pub(crate) fn bench_check_nf(raw: &Raw) {
     |               ^^^^^^^^^^^^^^

warning: function `conv_src` is never used
    --> src\L03_holes\bump_spine_iter.rs:2248:15
     |
2248 | pub(crate) fn conv_src(k: u32) -> String {
     |               ^^^^^^^^

warning: variant `Custom` is never constructed
  --> src\L03_holes\parser\mod.rs:59:5
   |
56 | pub enum ErrMsg {
   |          ------ variant in this enum
...
59 |     Custom(String),
   |     ^^^^^^
   |
   = note: `ErrMsg` has derived impls for the traits `Clone` and `Debug`, but these are intentionally ignored during dead code analysis

warning: field `msg` is never read
  --> src\L03_holes\parser\mod.rs:86:9
   |
85 | pub struct IError {
   |            ------ field in this struct
86 |     pub msg: Span<ErrMsg>,
   |         ^^^
   |
   = note: `IError` has derived impls for the traits `Clone` and `Debug`, but these are intentionally ignored during dead code analysis

warning: function `ex1` is never used
    --> src\L04_implicit\mod.rs:1281:8
     |
1281 | pub fn ex1() -> String {
     |        ^^^

warning: function `bench_check` is never used
    --> src\L04_implicit\mod.rs:1291:15
     |
1291 | pub(crate) fn bench_check(raw: &Raw) {
     |               ^^^^^^^^^^^

warning: function `bench_check_nf` is never used
    --> src\L04_implicit\mod.rs:1299:15
     |
1299 | pub(crate) fn bench_check_nf(raw: &Raw) {
     |               ^^^^^^^^^^^^^^

warning: function `conv_src` is never used
    --> src\L04_implicit\bump_spine_iter.rs:2504:15
     |
2504 | pub(crate) fn conv_src(k: u32) -> String {
     |               ^^^^^^^^

warning: variant `Custom` is never constructed
  --> src\L04_implicit\parser\mod.rs:77:5
   |
74 | pub enum ErrMsg {
   |          ------ variant in this enum
...
77 |     Custom(String),
   |     ^^^^^^
   |
   = note: `ErrMsg` has derived impls for the traits `Clone` and `Debug`, but these are intentionally ignored during dead code analysis

warning: field `msg` is never read
   --> src\L04_implicit\parser\mod.rs:104:9
    |
103 | pub struct IError {
    |            ------ field in this struct
104 |     pub msg: Span<ErrMsg>,
    |         ^^^
    |
    = note: `IError` has derived impls for the traits `Clone` and `Debug`, but these are intentionally ignored during dead code analysis

warning: function `ex0` is never used
    --> src\L05_pruning\mod.rs:1626:8
     |
1626 | pub fn ex0() -> String {
     |        ^^^

warning: function `ex1` is never used
    --> src\L05_pruning\mod.rs:1631:8
     |
1631 | pub fn ex1() -> String {
     |        ^^^

warning: function `bench_check` is never used
    --> src\L05_pruning\mod.rs:1639:15
     |
1639 | pub(crate) fn bench_check(raw: &Raw) {
     |               ^^^^^^^^^^^

warning: function `bench_check_nf` is never used
    --> src\L05_pruning\mod.rs:1647:15
     |
1647 | pub(crate) fn bench_check_nf(raw: &Raw) {
     |               ^^^^^^^^^^^^^^

warning: function `conv_src` is never used
    --> src\L05_pruning\bump_spine_iter.rs:3302:15
     |
3302 | pub(crate) fn conv_src(k: u32) -> String {
     |               ^^^^^^^^

warning: variant `Custom` is never constructed
  --> src\L05_pruning\parser\mod.rs:77:5
   |
74 | pub enum ErrMsg {
   |          ------ variant in this enum
...
77 |     Custom(String),
   |     ^^^^^^
   |
   = note: `ErrMsg` has derived impls for the traits `Clone` and `Debug`, but these are intentionally ignored during dead code analysis

warning: field `msg` is never read
   --> src\L05_pruning\parser\mod.rs:104:9
    |
103 | pub struct IError {
    |            ------ field in this struct
104 |     pub msg: Span<ErrMsg>,
    |         ^^^
    |
    = note: `IError` has derived impls for the traits `Clone` and `Debug`, but these are intentionally ignored during dead code analysis

warning: field `1` is never read
  --> src\L06_string\mod.rs:27:21
   |
27 |     Solved(Rc<Val>, Rc<VTy>),
   |     ------          ^^^^^^^
   |     |
   |     field in this variant
   |
   = note: `MetaEntry` has a derived impl for the trait `Debug`, but this is intentionally ignored during dead code analysis
help: consider changing the field to be of unit type to suppress this warning while preserving the field numbering, or remove the field
   |
27 -     Solved(Rc<Val>, Rc<VTy>),
27 +     Solved(Rc<Val>, ()),
   |

warning: function `bench_check` is never used
   --> src\L06_string\mod.rs:537:15
    |
537 | pub(crate) fn bench_check(decls: &[parser::syntax::Decl]) -> bool {
    |               ^^^^^^^^^^^

warning: function `tm_size_ref` is never used
   --> src\L06_string\mod.rs:550:4
    |
550 | fn tm_size_ref(t: &Tm) -> u64 {
    |    ^^^^^^^^^^^

warning: function `bench_check_nf` is never used
   --> src\L06_string\mod.rs:583:15
    |
583 | pub(crate) fn bench_check_nf(decls: &[parser::syntax::Decl]) -> u64 {
    |               ^^^^^^^^^^^^^^

warning: variant `ExpectDecl` is never constructed
  --> src\L06_string\parser\mod.rs:19:5
   |
14 | pub enum BaseMsg {
   |          ------- variant in this enum
...
19 |     ExpectDecl,
   |     ^^^^^^^^^^
   |
   = note: `BaseMsg` has derived impls for the traits `Clone` and `Debug`, but these are intentionally ignored during dead code analysis

warning: variant `Custom` is never constructed
  --> src\L06_string\parser\mod.rs:26:5
   |
23 | pub enum ErrMsg {
   |          ------ variant in this enum
...
26 |     Custom(String),
   |     ^^^^^^
   |
   = note: `ErrMsg` has derived impls for the traits `Clone` and `Debug`, but these are intentionally ignored during dead code analysis

warning: method `many1_sep` is never used
  --> src\L06_string\parser\mod.rs:76:8
   |
74 | trait ParserExt<I: Copy, A, S> {
   |       --------- method in this trait
75 |     fn many1(self) -> impl Parser<I, Vec<A>, S, IError>;
76 |     fn many1_sep<P: Parser<I, X, S, IError>, X>(self, sep: P) -> impl Parser<I, Vec<A>, S, IError>;
   |        ^^^^^^^^^

warning: function `brace` is never used
   --> src\L06_string\parser\mod.rs:217:4
    |
217 | fn brace<'a: 'b, 'b, P, O>(p: P) -> impl Parser<&'b [TokenNode<'a>], O, MacroState, IError>
    |    ^^^^^

warning: variant `Eof` is never constructed
  --> src\L06_string\parser\lex.rs:35:5
   |
 4 | pub enum TokenKind {
   |          --------- variant in this enum
...
35 |     Eof,
   |     ^^^
   |
   = note: `TokenKind` has derived impls for the traits `Debug` and `Clone`, but these are intentionally ignored during dead code analysis

warning: field `1` is never read
   --> src\L06_string\bump_spine_iter.rs:511:15
    |
511 |     Solved(V, V),
    |     ------    ^
    |     |
    |     field in this variant
    |
help: consider changing the field to be of unit type to suppress this warning while preserving the field numbering, or remove the field
    |
511 -     Solved(V, V),
511 +     Solved(V, ()),
    |

warning: method `bench_check_nf` is never used
    --> src\L06_string\bump_spine_iter.rs:4254:19
     |
4206 | impl Tycker {
     | ----------- method in this implementation
...
4254 |     pub(crate) fn bench_check_nf(&mut self, ast: &[Decl]) -> u64 {
     |                   ^^^^^^^^^^^^^^

warning: function `implicit_src` is never used
    --> src\L06_string\bump_spine_iter.rs:4310:15
     |
4310 | pub(crate) fn implicit_src(k: u32) -> String {
     |               ^^^^^^^^^^^^

warning: function `prune_src` is never used
    --> src\L06_string\bump_spine_iter.rs:4326:15
     |
4326 | pub(crate) fn prune_src(k: u32) -> String {
     |               ^^^^^^^^^

warning: function `solve_src` is never used
    --> src\L06_string\bump_spine_iter.rs:4344:15
     |
4344 | pub(crate) fn solve_src(k: u32) -> String {
     |               ^^^^^^^^^

warning: function `bench_check` is never used
    --> src\L07_sum_type\mod.rs:1433:15
     |
1433 | pub(crate) fn bench_check(decls: &[parser::syntax::Decl]) -> bool {
     |               ^^^^^^^^^^^

warning: function `tm_size_ref` is never used
    --> src\L07_sum_type\mod.rs:1446:4
     |
1446 | fn tm_size_ref(t: &Tm) -> u64 {
     |    ^^^^^^^^^^^

warning: function `bench_check_nf` is never used
    --> src\L07_sum_type\mod.rs:1500:15
     |
1500 | pub(crate) fn bench_check_nf(decls: &[parser::syntax::Decl]) -> u64 {
     |               ^^^^^^^^^^^^^^

warning: variant `ExpectDecl` is never constructed
  --> src\L07_sum_type\parser\mod.rs:19:5
   |
14 | pub enum BaseMsg {
   |          ------- variant in this enum
...
19 |     ExpectDecl,
   |     ^^^^^^^^^^
   |
   = note: `BaseMsg` has derived impls for the traits `Clone` and `Debug`, but these are intentionally ignored during dead code analysis

warning: variant `Custom` is never constructed
  --> src\L07_sum_type\parser\mod.rs:26:5
   |
23 | pub enum ErrMsg {
   |          ------ variant in this enum
...
26 |     Custom(String),
   |     ^^^^^^
   |
   = note: `ErrMsg` has derived impls for the traits `Clone` and `Debug`, but these are intentionally ignored during dead code analysis

warning: variant `Eof` is never constructed
  --> src\L07_sum_type\parser\lex.rs:41:5
   |
 4 | pub enum TokenKind {
   |          --------- variant in this enum
...
41 |     Eof,
   |     ^^^
   |
   = note: `TokenKind` has derived impls for the traits `Debug` and `Clone`, but these are intentionally ignored during dead code analysis

warning: multiple variants are never constructed
   --> src\L07_sum_type\bump_spine_iter.rs:74:5
    |
 73 | pub(crate) enum Tm<'a> {
    |                 -- variants in this enum
 74 |     Var(u32),
    |     ^^^
 75 |     Lam(&'a str, Icit, &'a Tm<'a>),
    |     ^^^
 76 |     App(&'a Tm<'a>, &'a Tm<'a>, Icit),
    |     ^^^
...
 79 |     AppPruning(&'a Tm<'a>, Option<&'a PrCons<'a>>),
    |     ^^^^^^^^^^
 80 |     U,
    |     ^
 81 |     Pi(&'a str, Icit, &'a Tm<'a>, &'a Tm<'a>),
    |     ^^
 82 |     Let(&'a str, &'a Tm<'a>, &'a Tm<'a>, &'a Tm<'a>),
    |     ^^^
 83 |     Meta(u32),
    |     ^^^^
 84 |     /// String 字面量的类型（`String`）。
 85 |     LiteralType,
    |     ^^^^^^^^^^^
 86 |     /// 字符串字面量（内容即值）。
 87 |     LiteralIntro(&'a str),
    |     ^^^^^^^^^^^^
...
 90 |     Decl(&'a str),
    |     ^^^^
...
 93 |     Prim(&'a str),
    |     ^^^^
 94 |     /// `x.field` 投影（参考版 `Tm::Obj`；字段名只服务 pretty/查表）。
 95 |     Obj(&'a Tm<'a>, &'a str),
    |     ^^^
...
 98 |     Sum(&'a str, &'a [SumParamT<'a>], &'a [&'a str]),
    |     ^^^
 99 |     /// 构造子值：typ 求值后必须是其所属的（已实例化的）`Sum`。
100 |     SumCase {
    |     ^^^^^^^
...
106 |     Match(&'a Tm<'a>, &'a [(PatternDetail, &'a Tm<'a>)]),
    |     ^^^^^

warning: fields `name`, `val`, `ty`, and `icit` are never read
   --> src\L07_sum_type\bump_spine_iter.rs:111:16
    |
110 | pub(crate) struct SumParamT<'a> {
    |                   --------- fields in this struct
111 |     pub(crate) name: &'a str,
    |                ^^^^
112 |     pub(crate) val: &'a Tm<'a>,
    |                ^^^
113 |     pub(crate) ty: &'a Tm<'a>,
    |                ^^
114 |     pub(crate) icit: Icit,
    |                ^^^^

warning: fields `name`, `val`, and `icit` are never read
   --> src\L07_sum_type\bump_spine_iter.rs:119:16
    |
118 | pub(crate) struct SumDataT<'a> {
    |                   -------- fields in this struct
119 |     pub(crate) name: &'a str,
    |                ^^^^
120 |     pub(crate) val: &'a Tm<'a>,
    |                ^^^
121 |     pub(crate) icit: Icit,
    |                ^^^^

warning: fields `slot`, `none_run`, `after_run`, and `next` are never read
   --> src\L07_sum_type\bump_spine_iter.rs:128:5
    |
125 | pub(crate) struct PrCons<'a> {
    |                   ------ fields in this struct
...
128 |     slot: Option<Icit>,
    |     ^^^^
129 |     /// 本节点向外（next 方向）连续 `None`（define 槽）的个数；Some 槽为 0。
130 |     none_run: u32,
    |     ^^^^^^^^
131 |     /// 本 none-run 之后的第一个槽（Some 槽或链尾）——跳段的落点。
132 |     after_run: Option<&'a PrCons<'a>>,
    |     ^^^^^^^^^
133 |     next: Option<&'a PrCons<'a>>,
    |     ^^^^

warning: associated function `new` is never used
   --> src\L07_sum_type\bump_spine_iter.rs:138:8
    |
136 | impl<'a> PrCons<'a> {
    | ------------------- associated function in this implementation
137 |     /// 入链构造（新槽恒为链头，最内层）。run 统计只读既有节点。
138 |     fn new(slot: Option<Icit>, next: Option<&'a PrCons<'a>>) -> Self {
    |        ^^^

warning: struct `LCons` is never constructed
   --> src\L07_sum_type\bump_spine_iter.rs:155:8
    |
155 | struct LCons<'a> {
    |        ^^^^^

warning: field `0` is never read
   --> src\L07_sum_type\bump_spine_iter.rs:173:21
    |
173 | pub(crate) struct V(pub(crate) u64);
    |                   - ^^^^^^^^^^^^^^
    |                   |
    |                   field in this struct
    |
    = help: consider removing this field
    = note: `V` has a derived impl for the trait `Clone`, but this is intentionally ignored during dead code analysis

warning: function `v_lvl` is never used
   --> src\L07_sum_type\bump_spine_iter.rs:176:15
    |
176 | pub(crate) fn v_lvl(level: u32) -> V {
    |               ^^^^^

warning: function `v_clo` is never used
   --> src\L07_sum_type\bump_spine_iter.rs:180:15
    |
180 | pub(crate) fn v_clo<'a>(p: &'a CloCell<'a>) -> V {
    |               ^^^^^

warning: function `v_spine` is never used
   --> src\L07_sum_type\bump_spine_iter.rs:184:15
    |
184 | pub(crate) fn v_spine(idx: usize) -> V {
    |               ^^^^^^^

warning: function `v_u` is never used
   --> src\L07_sum_type\bump_spine_iter.rs:188:15
    |
188 | pub(crate) fn v_u() -> V {
    |               ^^^

warning: function `v_pi` is never used
   --> src\L07_sum_type\bump_spine_iter.rs:192:15
    |
192 | pub(crate) fn v_pi<'a>(p: &'a PiCell<'a>) -> V {
    |               ^^^^

warning: function `v_meta` is never used
   --> src\L07_sum_type\bump_spine_iter.rs:196:15
    |
196 | pub(crate) fn v_meta(m: u32) -> V {
    |               ^^^^^^

warning: function `v_lit_ty` is never used
   --> src\L07_sum_type\bump_spine_iter.rs:201:15
    |
201 | pub(crate) fn v_lit_ty() -> V {
    |               ^^^^^^^^

warning: function `v_xcell` is never used
   --> src\L07_sum_type\bump_spine_iter.rs:205:15
    |
205 | pub(crate) fn v_xcell<'a>(p: &'a XCell<'a>) -> V {
    |               ^^^^^^^

warning: function `v_tag` is never used
   --> src\L07_sum_type\bump_spine_iter.rs:209:15
    |
209 | pub(crate) fn v_tag(v: V) -> u64 {
    |               ^^^^^

warning: function `v_lvl_of` is never used
   --> src\L07_sum_type\bump_spine_iter.rs:213:15
    |
213 | pub(crate) fn v_lvl_of(v: V) -> u32 {
    |               ^^^^^^^^

warning: function `v_clo_of` is never used
   --> src\L07_sum_type\bump_spine_iter.rs:217:15
    |
217 | pub(crate) fn v_clo_of<'a>(v: V) -> &'a CloCell<'a> {
    |               ^^^^^^^^

warning: function `v_spine_of` is never used
   --> src\L07_sum_type\bump_spine_iter.rs:223:15
    |
223 | pub(crate) fn v_spine_of(v: V) -> usize {
    |               ^^^^^^^^^^

warning: function `v_pi_of` is never used
   --> src\L07_sum_type\bump_spine_iter.rs:227:15
    |
227 | pub(crate) fn v_pi_of<'a>(v: V) -> &'a PiCell<'a> {
    |               ^^^^^^^

warning: function `v_meta_of` is never used
   --> src\L07_sum_type\bump_spine_iter.rs:233:15
    |
233 | pub(crate) fn v_meta_of(v: V) -> u32 {
    |               ^^^^^^^^^

warning: function `v_xcell_of` is never used
   --> src\L07_sum_type\bump_spine_iter.rs:241:15
    |
241 | pub(crate) fn v_xcell_of<'a>(v: V) -> &'a XCell<'a> {
    |               ^^^^^^^^^^

warning: fields `name`, `val`, `ty`, and `icit` are never read
   --> src\L07_sum_type\bump_spine_iter.rs:250:5
    |
249 | pub(crate) struct SumParamV<'a> {
    |                   --------- fields in this struct
250 |     name: &'a str,
    |     ^^^^
251 |     val: V,
    |     ^^^
252 |     ty: V,
    |     ^^
253 |     icit: Icit,
    |     ^^^^

warning: fields `name`, `val`, and `icit` are never read
   --> src\L07_sum_type\bump_spine_iter.rs:258:5
    |
257 | pub(crate) struct SumDataV<'a> {
    |                   -------- fields in this struct
258 |     name: &'a str,
    |     ^^^^
259 |     val: V,
    |     ^^^
260 |     icit: Icit,
    |     ^^^^

warning: multiple variants are never constructed
   --> src\L07_sum_type\bump_spine_iter.rs:273:5
    |
272 | pub(crate) enum XCell<'a> {
    |                 ----- variants in this enum
273 |     Lit(&'a str),
    |     ^^^
274 |     Decl(&'a str),
    |     ^^^^
275 |     /// builtin 体标记（空实参；带实参的卡住内建是 spine 链，头 = 本单元）。
276 |     Prim(&'a str),
    |     ^^^^
...
279 |     Obj { val: V, name: &'a str },
    |     ^^^
280 |     /// 和类型本体：名 + 参数槽（名/实参/实参类型/icit）+ 构造子名表。
281 |     Sum {
    |     ^^^
...
287 |     SumCase {
    |     ^^^^^^^
...
294 |     Match {
    |     ^^^^^

warning: fields `flat_base`, `flat_len`, and `binds` are never read
   --> src\L07_sum_type\bump_spine_iter.rs:308:5
    |
307 | pub(crate) struct Env<'a> {
    |                   --- fields in this struct
308 |     flat_base: u32,
    |     ^^^^^^^^^
309 |     flat_len: u32,
    |     ^^^^^^^^
310 |     binds: Option<&'a EnvCons<'a>>,
    |     ^^^^^
    |
    = note: `Env` has a derived impl for the trait `Clone`, but this is intentionally ignored during dead code analysis

warning: constant `EMPTY_ENV` is never used
   --> src\L07_sum_type\bump_spine_iter.rs:313:7
    |
313 | const EMPTY_ENV: Env<'static> = Env {
    |       ^^^^^^^^^

warning: fields `val` and `next` are never read
   --> src\L07_sum_type\bump_spine_iter.rs:321:5
    |
320 | pub(crate) struct EnvCons<'a> {
    |                   ------- fields in this struct
321 |     val: V,
    |     ^^^
322 |     next: Option<&'a EnvCons<'a>>,
    |     ^^^^

warning: function `env_nth` is never used
   --> src\L07_sum_type\bump_spine_iter.rs:327:15
    |
327 | pub(crate) fn env_nth(defs: &[V], env: Env<'_>, i: u32) -> V {
    |               ^^^^^^^

warning: function `env_len` is never used
   --> src\L07_sum_type\bump_spine_iter.rs:343:15
    |
343 | pub(crate) fn env_len(env: Env<'_>) -> u32 {
    |               ^^^^^^^

warning: function `env_ext` is never used
   --> src\L07_sum_type\bump_spine_iter.rs:355:15
    |
355 | pub(crate) fn env_ext<'a>(bump: &'a Bump, env: Env<'a>, v: V) -> Env<'a> {
    |               ^^^^^^^

warning: function `env_ext_defs` is never used
   --> src\L07_sum_type\bump_spine_iter.rs:369:15
    |
369 | pub(crate) fn env_ext_defs<'a>(
    |               ^^^^^^^^^^^^

warning: fields `name`, `icit`, `env`, and `body` are never read
   --> src\L07_sum_type\bump_spine_iter.rs:398:5
    |
397 | pub(crate) struct CloCell<'a> {
    |                   ------- fields in this struct
398 |     name: &'a str,
    |     ^^^^
399 |     icit: Icit,
    |     ^^^^
400 |     env: Env<'a>,
    |     ^^^
401 |     body: &'a Tm<'a>,
    |     ^^^^

warning: fields `name`, `icit`, `dom`, `env`, and `body` are never read
   --> src\L07_sum_type\bump_spine_iter.rs:406:5
    |
405 | pub(crate) struct PiCell<'a> {
    |                   ------ fields in this struct
406 |     name: &'a str,
    |     ^^^^
407 |     icit: Icit,
    |     ^^^^
408 |     dom: V,
    |     ^^^
409 |     env: Env<'a>,
    |     ^^^
410 |     body: &'a Tm<'a>,
    |     ^^^^

warning: constant `HK_OTHER` is never used
   --> src\L07_sum_type\bump_spine_iter.rs:428:7
    |
428 | const HK_OTHER: u8 = 0;
    |       ^^^^^^^^

warning: constant `HK_DECL` is never used
   --> src\L07_sum_type\bump_spine_iter.rs:429:7
    |
429 | const HK_DECL: u8 = 1;
    |       ^^^^^^^

warning: constant `HK_PRIM` is never used
   --> src\L07_sum_type\bump_spine_iter.rs:430:7
    |
430 | const HK_PRIM: u8 = 2;
    |       ^^^^^^^

warning: constant `HK_OBJ` is never used
   --> src\L07_sum_type\bump_spine_iter.rs:431:7
    |
431 | const HK_OBJ: u8 = 3;
    |       ^^^^^^

warning: struct `Entry` is never constructed
   --> src\L07_sum_type\bump_spine_iter.rs:435:8
    |
435 | struct Entry {
    |        ^^^^^

warning: struct `Spine` is never constructed
   --> src\L07_sum_type\bump_spine_iter.rs:445:19
    |
445 | pub(crate) struct Spine {
    |                   ^^^^^

warning: methods `clear`, `push`, `spine_head`, `collect_args`, `spine_len`, and `flex_of` are never used
   --> src\L07_sum_type\bump_spine_iter.rs:455:8
    |
449 | impl Spine {
    | ---------- methods in this implementation
...
455 |     fn clear(&mut self) {
    |        ^^^^^
...
462 |     fn push(&mut self, f: V, a: V, icit: Icit) -> V {
    |        ^^^^
...
493 |     fn spine_head(&self, h: usize) -> V {
    |        ^^^^^^^^^^
...
507 |     fn collect_args(&self, h: usize, out: &mut Vec<(V, Icit)>) {
    |        ^^^^^^^^^^^^
...
522 |     fn spine_len(&self, h: usize) -> usize {
    |        ^^^^^^^^^
...
538 |     fn flex_of(&self, v: V, out: &mut Vec<(V, Icit)>) -> Option<u32> {
    |        ^^^^^^^

warning: function `head_kind` is never used
   --> src\L07_sum_type\bump_spine_iter.rs:557:4
    |
557 | fn head_kind(spine: &Spine, v: V) -> u8 {
    |    ^^^^^^^^^

warning: function `is_objheaded` is never used
   --> src\L07_sum_type\bump_spine_iter.rs:573:4
    |
573 | fn is_objheaded(spine: &Spine, v: V) -> bool {
    |    ^^^^^^^^^^^^

warning: function `xcell_head_name` is never used
   --> src\L07_sum_type\bump_spine_iter.rs:579:4
    |
579 | fn xcell_head_name<'a>(spine: &Spine, v: V) -> &'a str {
    |    ^^^^^^^^^^^^^^^

warning: function `is_flex` is never used
   --> src\L07_sum_type\bump_spine_iter.rs:595:4
    |
595 | fn is_flex(spine: &Spine, v: V) -> bool {
    |    ^^^^^^^

warning: enum `MetaEntry` is never used
   --> src\L07_sum_type\bump_spine_iter.rs:609:17
    |
609 | pub(crate) enum MetaEntry {
    |                 ^^^^^^^^^

warning: function `meta_val_of` is never used
   --> src\L07_sum_type\bump_spine_iter.rs:616:4
    |
616 | fn meta_val_of(metas: &[MetaEntry], m: u32) -> V {
    |    ^^^^^^^^^^^

warning: struct `DeclEntryF` is never constructed
   --> src\L07_sum_type\bump_spine_iter.rs:630:19
    |
630 | pub(crate) struct DeclEntryF {
    |                   ^^^^^^^^^^

warning: type alias `MutableMap` is never used
   --> src\L07_sum_type\bump_spine_iter.rs:636:17
    |
636 | pub(crate) type MutableMap = RefCell<FxHashMap<SmolStr, V>>;
    |                 ^^^^^^^^^^

warning: type alias `Fuel` is never used
   --> src\L07_sum_type\bump_spine_iter.rs:639:17
    |
639 | pub(crate) type Fuel = Cell<u32>;
    |                 ^^^^

warning: constant `UNIFY_FUEL` is never used
   --> src\L07_sum_type\bump_spine_iter.rs:641:7
    |
641 | const UNIFY_FUEL: u32 = 4096;
    |       ^^^^^^^^^^

warning: function `burn` is never used
   --> src\L07_sum_type\bump_spine_iter.rs:645:4
    |
645 | fn burn(fuel: &Fuel) -> bool {
    |    ^^^^

warning: function `lit_of` is never used
   --> src\L07_sum_type\bump_spine_iter.rs:660:4
    |
660 | fn lit_of<'a>(v: V) -> Option<&'a str> {
    |    ^^^^^^

warning: function `is_selfref_val` is never used
   --> src\L07_sum_type\bump_spine_iter.rs:674:4
    |
674 | fn is_selfref_val(v: V, name: &str) -> bool {
    |    ^^^^^^^^^^^^^^

warning: function `prim_reduce` is never used
   --> src\L07_sum_type\bump_spine_iter.rs:683:4
    |
683 | fn prim_reduce<'a>(
    |    ^^^^^^^^^^^

warning: function `vapp1` is never used
   --> src\L07_sum_type\bump_spine_iter.rs:956:4
    |
956 | fn vapp1<'a>(
    |    ^^^^^

warning: function `vapp_ok` is never used
    --> src\L07_sum_type\bump_spine_iter.rs:1019:4
     |
1019 | fn vapp_ok(v: V) -> bool {
     |    ^^^^^^^

warning: function `project` is never used
    --> src\L07_sum_type\bump_spine_iter.rs:1033:4
     |
1033 | fn project<'a>(v: V, name: &str) -> Option<V> {
     |    ^^^^^^^

warning: function `val_mentions_lvl` is never used
    --> src\L07_sum_type\bump_spine_iter.rs:1059:15
     |
1059 | pub(crate) fn val_mentions_lvl(spine: &Spine, defs: &[V], v: V, x: u32) -> bool {
     |               ^^^^^^^^^^^^^^^^

warning: function `force` is never used
    --> src\L07_sum_type\bump_spine_iter.rs:1158:4
     |
1158 | fn force<'a>(
     |    ^^^^^

warning: function `force_arg` is never used
    --> src\L07_sum_type\bump_spine_iter.rs:1385:4
     |
1385 | fn force_arg<'a>(
     |    ^^^^^^^^^

warning: function `eval_aux` is never used
    --> src\L07_sum_type\bump_spine_iter.rs:1413:4
     |
1413 | fn eval_aux<'a>(
     |    ^^^^^^^^

warning: function `eval_aux_case` is never used
    --> src\L07_sum_type\bump_spine_iter.rs:1439:4
     |
1439 | fn eval_aux_case<'a>(
     |    ^^^^^^^^^^^^^

warning: enum `W` is never used
    --> src\L07_sum_type\bump_spine_iter.rs:1511:6
     |
1511 | enum W<'a> {
     |      ^

warning: function `eval_iter` is never used
    --> src\L07_sum_type\bump_spine_iter.rs:1556:4
     |
1556 | fn eval_iter<'a>(
     |    ^^^^^^^^^

warning: enum `QJob` is never used
    --> src\L07_sum_type\bump_spine_iter.rs:1909:6
     |
1909 | enum QJob<'a> {
     |      ^^^^

warning: type alias `QuoteMemo` is never used
    --> src\L07_sum_type\bump_spine_iter.rs:1953:6
     |
1953 | type QuoteMemo<'a> = FxHashMap<(u64, u32), &'a Tm<'a>>;
     |      ^^^^^^^^^

warning: function `quote_iter` is never used
    --> src\L07_sum_type\bump_spine_iter.rs:1958:4
     |
1958 | fn quote_iter<'a>(
     |    ^^^^^^^^^^

warning: static `NO_CONV_MEMO` is never used
    --> src\L07_sum_type\bump_spine_iter.rs:2384:8
     |
2384 | static NO_CONV_MEMO: std::sync::LazyLock<std::sync::atomic::AtomicBool> =
     |        ^^^^^^^^^^^^

warning: function `pm_solve_into` is never used
    --> src\L07_sum_type\bump_spine_iter.rs:2391:4
     |
2391 | fn pm_solve_into(pm_defs: &mut Vec<(u32, V)>, spine: &Spine, defs: &[V], x: u32, v: V) -> bool {
     |    ^^^^^^^^^^^^^

warning: function `pm_solvable_contains` is never used
    --> src\L07_sum_type\bump_spine_iter.rs:2400:4
     |
2400 | fn pm_solvable_contains(pm_solvable: &[u32], x: u32) -> bool {
     |    ^^^^^^^^^^^^^^^^^^^^

warning: enum `UItem` is never used
    --> src\L07_sum_type\bump_spine_iter.rs:2407:6
     |
2407 | enum UItem<'a> {
     |      ^^^^^

warning: function `intersect_bump` is never used
    --> src\L07_sum_type\bump_spine_iter.rs:2434:4
     |
2434 | fn intersect_bump<'a>(
     |    ^^^^^^^^^^^^^^

warning: function `flex_flex_bump` is never used
    --> src\L07_sum_type\bump_spine_iter.rs:2510:4
     |
2510 | fn flex_flex_bump<'a>(
     |    ^^^^^^^^^^^^^^

warning: function `unify_sp_lockstep` is never used
    --> src\L07_sum_type\bump_spine_iter.rs:2579:4
     |
2579 | fn unify_sp_lockstep<'a>(
     |    ^^^^^^^^^^^^^^^^^

warning: function `unify_iter` is never used
    --> src\L07_sum_type\bump_spine_iter.rs:2645:4
     |
2645 | fn unify_iter<'a>(
     |    ^^^^^^^^^^

warning: struct `RenBuf` is never constructed
    --> src\L07_sum_type\bump_spine_iter.rs:3269:8
     |
3269 | struct RenBuf {
     |        ^^^^^^

warning: constant `NONE_MARK` is never used
    --> src\L07_sum_type\bump_spine_iter.rs:3277:7
     |
3277 | const NONE_MARK: u32 = u32::MAX;
     |       ^^^^^^^^^

warning: methods `reset`, `get`, `has_mark`, `set`, and `clone_valid` are never used
    --> src\L07_sum_type\bump_spine_iter.rs:3282:8
     |
3279 | impl RenBuf {
     | ----------- methods in this implementation
...
3282 |     fn reset(&mut self) {
     |        ^^^^^
...
3287 |     fn get(&self, x: usize) -> Option<u32> {
     |        ^^^
...
3302 |     fn has_mark(&self, x: usize) -> bool {
     |        ^^^^^^^^
...
3306 |     fn set(&mut self, x: usize, v: u32) {
     |        ^^^
...
3319 |     fn clone_valid(&self) -> RenBuf {
     |        ^^^^^^^^^^^

warning: function `invert_bump` is never used
    --> src\L07_sum_type\bump_spine_iter.rs:3341:4
     |
3341 | fn invert_bump<'a>(
     |    ^^^^^^^^^^^

warning: function `solve_with_pren_bump` is never used
    --> src\L07_sum_type\bump_spine_iter.rs:3401:4
     |
3401 | fn solve_with_pren_bump<'a>(
     |    ^^^^^^^^^^^^^^^^^^^^

warning: function `solve_bump` is never used
    --> src\L07_sum_type\bump_spine_iter.rs:3452:4
     |
3452 | fn solve_bump<'a>(
     |    ^^^^^^^^^^

warning: enum `RJob` is never used
    --> src\L07_sum_type\bump_spine_iter.rs:3482:6
     |
3482 | enum RJob<'a> {
     |      ^^^^

warning: function `rename_iter` is never used
    --> src\L07_sum_type\bump_spine_iter.rs:3502:4
     |
3502 | fn rename_iter<'a>(
     |    ^^^^^^^^^^^

warning: enum `SpinePruneStatus` is never used
    --> src\L07_sum_type\bump_spine_iter.rs:3817:6
     |
3817 | enum SpinePruneStatus {
     |      ^^^^^^^^^^^^^^^^

warning: function `prune_vflex_bump` is never used
    --> src\L07_sum_type\bump_spine_iter.rs:3827:4
     |
3827 | fn prune_vflex_bump<'a>(
     |    ^^^^^^^^^^^^^^^^

warning: function `prune_meta_bump` is never used
    --> src\L07_sum_type\bump_spine_iter.rs:3901:4
     |
3901 | fn prune_meta_bump<'a>(
     |    ^^^^^^^^^^^^^^^

warning: function `prune_ty_bump` is never used
    --> src\L07_sum_type\bump_spine_iter.rs:3949:4
     |
3949 | fn prune_ty_bump<'a>(
     |    ^^^^^^^^^^^^^

warning: function `alloc_xname` is never used
    --> src\L07_sum_type\bump_spine_iter.rs:4013:4
     |
4013 | fn alloc_xname<'a>(bump: &'a Bump, n: u32) -> &'a str {
     |    ^^^^^^^^^^^

warning: function `lams_from_ty` is never used
    --> src\L07_sum_type\bump_spine_iter.rs:4033:4
     |
4033 | fn lams_from_ty<'a>(
     |    ^^^^^^^^^^^^

warning: constant `EQ_BUDGET` is never used
    --> src\L07_sum_type\bump_spine_iter.rs:4087:7
     |
4087 | const EQ_BUDGET: usize = 20_000;
     |       ^^^^^^^^^

warning: struct `EqBudget` is never constructed
    --> src\L07_sum_type\bump_spine_iter.rs:4089:8
     |
4089 | struct EqBudget(usize);
     |        ^^^^^^^^

warning: method `spend` is never used
    --> src\L07_sum_type\bump_spine_iter.rs:4092:8
     |
4091 | impl EqBudget {
     | ------------- method in this implementation
4092 |     fn spend(&mut self) -> bool {
     |        ^^^^^

warning: function `pr_slots` is never used
    --> src\L07_sum_type\bump_spine_iter.rs:4102:4
     |
4102 | fn pr_slots(p: &Option<&PrCons<'_>>) -> Vec<Option<Icit>> {
     |    ^^^^^^^^

warning: function `struct_tm_eq` is never used
    --> src\L07_sum_type\bump_spine_iter.rs:4112:4
     |
4112 | fn struct_tm_eq(a: &Tm<'_>, b: &Tm<'_>) -> bool {
     |    ^^^^^^^^^^^^

warning: function `struct_val_eq` is never used
    --> src\L07_sum_type\bump_spine_iter.rs:4116:4
     |
4116 | fn struct_val_eq(spine: &Spine, defs: &[V], a: V, b: V) -> bool {
     |    ^^^^^^^^^^^^^

warning: function `struct_env_eq` is never used
    --> src\L07_sum_type\bump_spine_iter.rs:4120:4
     |
4120 | fn struct_env_eq(spine: &Spine, defs: &[V], a: Env<'_>, b: Env<'_>) -> bool {
     |    ^^^^^^^^^^^^^

warning: function `struct_spine_eq_go` is never used
    --> src\L07_sum_type\bump_spine_iter.rs:4124:4
     |
4124 | fn struct_spine_eq_go(budget: &mut EqBudget, spine: &Spine, defs: &[V], h1: usize, h2: usize) -> bool {
     |    ^^^^^^^^^^^^^^^^^^

warning: function `struct_tm_eq_go` is never used
    --> src\L07_sum_type\bump_spine_iter.rs:4141:4
     |
4141 | fn struct_tm_eq_go(budget: &mut EqBudget, a: &Tm<'_>, b: &Tm<'_>) -> bool {
     |    ^^^^^^^^^^^^^^^

warning: function `struct_val_eq_go` is never used
    --> src\L07_sum_type\bump_spine_iter.rs:4212:4
     |
4212 | fn struct_val_eq_go(budget: &mut EqBudget, spine: &Spine, defs: &[V], x: V, y: V) -> bool {
     |    ^^^^^^^^^^^^^^^^

warning: function `struct_env_eq_go` is never used
    --> src\L07_sum_type\bump_spine_iter.rs:4314:4
     |
4314 | fn struct_env_eq_go(
     |    ^^^^^^^^^^^^^^^^

warning: struct `ConvScratch` is never constructed
    --> src\L07_sum_type\bump_spine_iter.rs:4368:8
     |
4368 | struct ConvScratch {
     |        ^^^^^^^^^^^

warning: constant `PI_NAME` is never used
    --> src\L07_sum_type\bump_spine_iter.rs:4374:7
     |
4374 | const PI_NAME: &str = "x"; // infer App 非 Π 分支合成的闭包名（只服务 pretty）
     |       ^^^^^^^

warning: struct `Machine` is never constructed
    --> src\L07_sum_type\bump_spine_iter.rs:4380:19
     |
4380 | pub(crate) struct Machine {
     |                   ^^^^^^^

warning: multiple associated items are never used
    --> src\L07_sum_type\bump_spine_iter.rs:4425:19
     |
4424 | impl Machine {
     | ------------ associated items in this implementation
4425 |     pub(crate) fn new() -> Self {
     |                   ^^^
...
4453 |     fn clear_round(&mut self) {
     |        ^^^^^^^^^^^
...
4469 |     fn pm_mark(&self) -> (usize, usize) {
     |        ^^^^^^^
...
4475 |     fn pm_restore(&mut self, mark: (usize, usize)) {
     |        ^^^^^^^^^^
...
4480 |     fn pm_def(&self, x: u32) -> Option<V> {
     |        ^^^^^^
...
4488 |     fn is_flex_v(&self, v: V) -> bool {
     |        ^^^^^^^^^
...
4493 |     fn pm_solve(&mut self, x: u32, v: V) -> bool {
     |        ^^^^^^^^
...
4506 |     fn bind_name<'a>(
     |        ^^^^^^^^^
...
4543 |     fn new_binder<'a>(
     |        ^^^^^^^^^^
...
4578 |     fn define_name<'a>(
     |        ^^^^^^^^^^^
...
4617 |     fn name_mark(&self) -> u32 {
     |        ^^^^^^^^^
...
4622 |     fn unwind_names(&mut self, mark: u32) {
     |        ^^^^^^^^^^^^
...
4644 |     fn fresh_meta<'a>(&mut self, bump: &'a Bump, cxt: &Cxt<'a>, a: V) -> &'a Tm<'a> {
     |        ^^^^^^^^^^
...
4674 |     fn close_tm<'a>(
     |        ^^^^^^^^
...
4693 |     fn eval_fresh(
     |        ^^^^^^^^^^
...
4714 |     fn eval<'a>(
     |        ^^^^
...
4752 |     fn quote<'a>(
     |        ^^^^^
...
4800 |     fn quote_memo<'a>(
     |        ^^^^^^^^^^
...
4851 |     fn unify<'a>(
     |        ^^^^^
...
4903 |     fn unify_catch(&mut self, bump: &Bump, cxt: &Cxt<'_>, t: V, t_prime: V) -> Result<(), Error> {
     |        ^^^^^^^^^^^
...
4928 |     fn force_v(&mut self, bump: &Bump, decls: &FxHashMap<String, DeclEntryF>, v: V) -> V {
     |        ^^^^^^^
...
4945 |     fn insert_go<'a>(
     |        ^^^^^^^^^
...
4970 |     fn insert_t<'a>(
     |        ^^^^^^^^
...
4981 |     fn insert<'a>(
     |        ^^^^^^
...
4996 |     fn insert_until_name<'a>(
     |        ^^^^^^^^^^^^^^^^^
...
5034 |     fn check<'a>(
     |        ^^^^^
...
5143 |     fn ty_precheck(&mut self, bump: &Bump, decls: &FxHashMap<String, DeclEntryF>, t: &Raw) -> Result<(), Error> {
     |        ^^^^^^^^^^^
...
5180 |     fn check_ty<'a>(
     |        ^^^^^^^^
...
5212 |     fn infer_expr<'a>(
     |        ^^^^^^^^^^
...
5563 |     fn infer_decl<'a>(
     |        ^^^^^^^^^^

warning: enum `DeclOut` is never used
    --> src\L07_sum_type\bump_spine_iter.rs:5772:6
     |
5772 | enum DeclOut<'a> {
     |      ^^^^^^^

warning: function `bind_prefix_of_telescope` is never used
    --> src\L07_sum_type\bump_spine_iter.rs:5780:4
     |
5780 | fn bind_prefix_of_telescope(mut ls: Option<&LCons<'_>>) -> Option<u32> {
     |    ^^^^^^^^^^^^^^^^^^^^^^^^

warning: function `has_free_var` is never used
    --> src\L07_sum_type\bump_spine_iter.rs:5800:4
     |
5800 | fn has_free_var(t: &Tm<'_>) -> bool {
     |    ^^^^^^^^^^^^

warning: struct `Cxt` is never constructed
    --> src\L07_sum_type\bump_spine_iter.rs:5856:8
     |
5856 | struct Cxt<'a> {
     |        ^^^

warning: struct `TCons` is never constructed
    --> src\L07_sum_type\bump_spine_iter.rs:5881:8
     |
5881 | struct TCons<'a> {
     |        ^^^^^

warning: associated function `empty` is never used
    --> src\L07_sum_type\bump_spine_iter.rs:5889:8
     |
5888 | impl<'a> Cxt<'a> {
     | ---------------- associated function in this implementation
5889 |     fn empty() -> Self {
     |        ^^^^^

warning: function `decl_insert` is never used
    --> src\L07_sum_type\bump_spine_iter.rs:5908:4
     |
5908 | fn decl_insert<'a>(cxt: &Cxt<'a>, k: &str, e: DeclEntryF) -> Cxt<'a> {
     |    ^^^^^^^^^^^

warning: function `bind_slots` is never used
    --> src\L07_sum_type\bump_spine_iter.rs:5925:4
     |
5925 | fn bind_slots(defs: &[V], cxt: &Cxt<'_>) -> Vec<u32> {
     |    ^^^^^^^^^^

warning: function `types_names_list` is never used
    --> src\L07_sum_type\bump_spine_iter.rs:5943:4
     |
5943 | fn types_names_list(tys: Option<&TCons<'_>>) -> crate::list::List<String> {
     |    ^^^^^^^^^^^^^^^^

warning: struct `Compiler` is never constructed
    --> src\L07_sum_type\bump_spine_iter.rs:5964:8
     |
5964 | struct Compiler<'a> {
     |        ^^^^^^^^

warning: enum `Walk` is never used
    --> src\L07_sum_type\bump_spine_iter.rs:5970:6
     |
5970 | enum Walk<'a> {
     |      ^^^^

warning: function `sum_case_names` is never used
    --> src\L07_sum_type\bump_spine_iter.rs:5976:4
     |
5976 | fn sum_case_names(v: V) -> Vec<String> {
     |    ^^^^^^^^^^^^^^

warning: function `covers` is never used
    --> src\L07_sum_type\bump_spine_iter.rs:5984:4
     |
5984 | fn covers(pat: &Pattern, ctor: &str, ctor_names: &[String]) -> bool {
     |    ^^^^^^

warning: function `is_catch_all` is never used
    --> src\L07_sum_type\bump_spine_iter.rs:5994:4
     |
5994 | fn is_catch_all(pat: &Pattern, ctor_names: &[String]) -> bool {
     |    ^^^^^^^^^^^^

warning: associated items `new`, `compile`, `probe_accessible`, `unify_indices`, `walk`, and `walk_con` are never used
    --> src\L07_sum_type\bump_spine_iter.rs:6004:8
     |
6003 | impl<'a> Compiler<'a> {
     | --------------------- associated items in this implementation
6004 |     fn new() -> Self {
     |        ^^^
...
6012 |     fn compile(
     |        ^^^^^^^
...
6112 |     fn probe_accessible(
     |        ^^^^^^^^^^^^^^^^
...
6172 |     fn unify_indices(
     |        ^^^^^^^^^^^^^
...
6202 |     fn walk(
     |        ^^^^
...
6232 |     fn walk_con(
     |        ^^^^^^^^

warning: function `simpl_decl` is never used
    --> src\L07_sum_type\bump_spine_iter.rs:6450:4
     |
6450 | fn simpl_decl(bump: &Bump, decls: &FxHashMap<String, DeclEntryF>) -> FxHashMap<String, DeclEntryF> {
     |    ^^^^^^^^^^

warning: function `str_pi` is never used
    --> src\L07_sum_type\bump_spine_iter.rs:6468:4
     |
6468 | fn str_pi<'a>(bump: &'a Bump, params: &[&str], ret: &'a Tm<'a>) -> &'a Tm<'a> {
     |    ^^^^^^

warning: function `tm_pi` is never used
    --> src\L07_sum_type\bump_spine_iter.rs:6482:4
     |
6482 | fn tm_pi<'a>(bump: &'a Bump, name: &str, dom: &'a Tm<'a>, cod: &'a Tm<'a>) -> &'a Tm<'a> {
     |    ^^^^^

warning: function `st2g_app` is never used
    --> src\L07_sum_type\bump_spine_iter.rs:6487:4
     |
6487 | fn st2g_app<'a>(bump: &'a Bump, ix: u32) -> &'a Tm<'a> {
     |    ^^^^^^^^

warning: methods `prime_round` and `elab_all` are never used
    --> src\L07_sum_type\bump_spine_iter.rs:6503:8
     |
6495 | impl Machine {
     | ------------ methods in this implementation
...
6503 |     fn prime_round<'a>(&mut self, bump: &'a Bump) -> Cxt<'a> {
     |        ^^^^^^^^^^^
...
6601 |     fn elab_all<'a>(
     |        ^^^^^^^^

warning: function `export` is never used
    --> src\L07_sum_type\bump_spine_iter.rs:6628:4
     |
6628 | fn export(t: &Tm<'_>) -> CTm {
     |    ^^^^^^

warning: function `tm_size` is never used
    --> src\L07_sum_type\bump_spine_iter.rs:6792:4
     |
6792 | fn tm_size(t: &Tm<'_>) -> u64 {
     |    ^^^^^^^

warning: static `NO_NAME_MAP` is never used
    --> src\L07_sum_type\bump_spine_iter.rs:6849:8
     |
6849 | static NO_NAME_MAP: std::sync::LazyLock<std::sync::atomic::AtomicBool> =
     |        ^^^^^^^^^^^

warning: struct `Tycker` is never constructed
    --> src\L07_sum_type\bump_spine_iter.rs:6856:19
     |
6856 | pub(crate) struct Tycker {
     |                   ^^^^^^

warning: multiple associated items are never used
    --> src\L07_sum_type\bump_spine_iter.rs:6862:19
     |
6861 | impl Tycker {
     | ----------- associated items in this implementation
6862 |     pub(crate) fn new() -> Self {
     |                   ^^^
...
6874 |     pub(crate) fn run_decls(&mut self, ast: &[Decl]) -> Result<String, Error> {
     |                   ^^^^^^^^^
...
6898 |     pub(crate) fn run_input(&mut self, input: &str, path_id: u32) -> Result<String, Error> {
     |                   ^^^^^^^^^
...
6904 |     pub(crate) fn bench_check(&mut self, ast: &[Decl]) -> bool {
     |                   ^^^^^^^^^^^
...
6914 |     pub(crate) fn bench_check_nf(&mut self, ast: &[Decl]) -> u64 {
     |                   ^^^^^^^^^^^^^^
...
6919 |     pub(crate) fn bench_check_nf_memo(&mut self, ast: &[Decl]) -> u64 {
     |                   ^^^^^^^^^^^^^^^^^^^
...
6923 |     fn bench_nf_impl(&mut self, ast: &[Decl], use_memo: bool) -> u64 {
     |        ^^^^^^^^^^^^^

warning: function `run_fast` is never used
    --> src\L07_sum_type\bump_spine_iter.rs:6947:15
     |
6947 | pub(crate) fn run_fast(input: &str, path_id: u32) -> Result<String, Error> {
     |               ^^^^^^^^

warning: function `parse` is never used
    --> src\L07_sum_type\bump_spine_iter.rs:6954:15
     |
6954 | pub(crate) fn parse(input: &str, path_id: u32) -> Result<Vec<Decl>, String> {
     |               ^^^^^

warning: type alias `SourceDecl` is never used
    --> src\L07_sum_type\bump_spine_iter.rs:6959:17
     |
6959 | pub(crate) type SourceDecl = Decl;
     |                 ^^^^^^^^^^

warning: function `church_src` is never used
    --> src\L07_sum_type\bump_spine_iter.rs:6967:15
     |
6967 | pub(crate) fn church_src(k: u32) -> String {
     |               ^^^^^^^^^^

warning: function `strchain_src` is never used
    --> src\L07_sum_type\bump_spine_iter.rs:6982:15
     |
6982 | pub(crate) fn strchain_src(k: u32) -> String {
     |               ^^^^^^^^^^^^

warning: function `globals_src` is never used
    --> src\L07_sum_type\bump_spine_iter.rs:6994:15
     |
6994 | pub(crate) fn globals_src(k: u32) -> String {
     |               ^^^^^^^^^^^

warning: function `match_src` is never used
    --> src\L07_sum_type\bump_spine_iter.rs:7006:15
     |
7006 | pub(crate) fn match_src(k: u32) -> String {
     |               ^^^^^^^^^

warning: function `enum_src` is never used
    --> src\L07_sum_type\bump_spine_iter.rs:7022:15
     |
7022 | pub(crate) fn enum_src() -> String {
     |               ^^^^^^^^

warning: constant `DEMO_SRC` is never used
    --> src\L08_product_type\mod.rs:1081:18
     |
1081 | pub(crate) const DEMO_SRC: &str = r#"
     |                  ^^^^^^^^

warning: function `bench_check` is never used
    --> src\L08_product_type\mod.rs:1175:15
     |
1175 | pub(crate) fn bench_check(decls: &[parser::syntax::Decl]) -> bool {
     |               ^^^^^^^^^^^

warning: function `tm_size_ref` is never used
    --> src\L08_product_type\mod.rs:1188:4
     |
1188 | fn tm_size_ref(t: &Tm) -> u64 {
     |    ^^^^^^^^^^^

warning: function `bench_check_nf` is never used
    --> src\L08_product_type\mod.rs:1242:15
     |
1242 | pub(crate) fn bench_check_nf(decls: &[parser::syntax::Decl]) -> u64 {
     |               ^^^^^^^^^^^^^^

warning: variant `ExpectDecl` is never constructed
  --> src\L08_product_type\parser\mod.rs:19:5
   |
14 | pub enum BaseMsg {
   |          ------- variant in this enum
...
19 |     ExpectDecl,
   |     ^^^^^^^^^^
   |
   = note: `BaseMsg` has derived impls for the traits `Clone` and `Debug`, but these are intentionally ignored during dead code analysis

warning: variant `Custom` is never constructed
  --> src\L08_product_type\parser\mod.rs:26:5
   |
23 | pub enum ErrMsg {
   |          ------ variant in this enum
...
26 |     Custom(String),
   |     ^^^^^^
   |
   = note: `ErrMsg` has derived impls for the traits `Clone` and `Debug`, but these are intentionally ignored during dead code analysis

warning: variant `Eof` is never constructed
  --> src\L08_product_type\parser\lex.rs:45:5
   |
 4 | pub enum TokenKind {
   |          --------- variant in this enum
...
45 |     Eof,
   |     ^^^
   |
   = note: `TokenKind` has derived impls for the traits `Debug` and `Clone`, but these are intentionally ignored during dead code analysis

warning: multiple variants are never constructed
   --> src\L08_product_type\bump_spine_iter.rs:77:5
    |
 76 | pub(crate) enum Tm<'a> {
    |                 -- variants in this enum
 77 |     Var(u32),
    |     ^^^
 78 |     Lam(&'a str, Icit, &'a Tm<'a>),
    |     ^^^
 79 |     App(&'a Tm<'a>, &'a Tm<'a>, Icit),
    |     ^^^
...
 82 |     AppPruning(&'a Tm<'a>, Option<&'a PrCons<'a>>),
    |     ^^^^^^^^^^
 83 |     U,
    |     ^
 84 |     Pi(&'a str, Icit, &'a Tm<'a>, &'a Tm<'a>),
    |     ^^
 85 |     Let(&'a str, &'a Tm<'a>, &'a Tm<'a>, &'a Tm<'a>),
    |     ^^^
 86 |     Meta(u32),
    |     ^^^^
 87 |     /// String 字面量的类型（`String`）。
 88 |     LiteralType,
    |     ^^^^^^^^^^^
 89 |     /// 字符串字面量（内容即值）。
 90 |     LiteralIntro(&'a str),
    |     ^^^^^^^^^^^^
...
 93 |     Decl(&'a str),
    |     ^^^^
...
 96 |     Prim(&'a str),
    |     ^^^^
 97 |     /// `x.field` 投影（参考版 `Tm::Obj`；字段名只服务 pretty/查表）。
 98 |     Obj(&'a Tm<'a>, &'a str),
    |     ^^^
...
101 |     Sum(&'a str, &'a [SumParamT<'a>], &'a [&'a str]),
    |     ^^^
102 |     /// 构造子值：typ 求值后必须是其所属的（已实例化的）`Sum`。
103 |     SumCase {
    |     ^^^^^^^
...
109 |     Match(&'a Tm<'a>, &'a [(PatternDetail, &'a Tm<'a>)]),
    |     ^^^^^

warning: fields `name`, `val`, `ty`, and `icit` are never read
   --> src\L08_product_type\bump_spine_iter.rs:114:16
    |
113 | pub(crate) struct SumParamT<'a> {
    |                   --------- fields in this struct
114 |     pub(crate) name: &'a str,
    |                ^^^^
115 |     pub(crate) val: &'a Tm<'a>,
    |                ^^^
116 |     pub(crate) ty: &'a Tm<'a>,
    |                ^^
117 |     pub(crate) icit: Icit,
    |                ^^^^

warning: fields `name`, `val`, and `icit` are never read
   --> src\L08_product_type\bump_spine_iter.rs:122:16
    |
121 | pub(crate) struct SumDataT<'a> {
    |                   -------- fields in this struct
122 |     pub(crate) name: &'a str,
    |                ^^^^
123 |     pub(crate) val: &'a Tm<'a>,
    |                ^^^
124 |     pub(crate) icit: Icit,
    |                ^^^^

warning: fields `slot`, `none_run`, `after_run`, and `next` are never read
   --> src\L08_product_type\bump_spine_iter.rs:131:5
    |
128 | pub(crate) struct PrCons<'a> {
    |                   ------ fields in this struct
...
131 |     slot: Option<Icit>,
    |     ^^^^
132 |     /// 本节点向外（next 方向）连续 `None`（define 槽）的个数；Some 槽为 0。
133 |     none_run: u32,
    |     ^^^^^^^^
134 |     /// 本 none-run 之后的第一个槽（Some 槽或链尾）——跳段的落点。
135 |     after_run: Option<&'a PrCons<'a>>,
    |     ^^^^^^^^^
136 |     next: Option<&'a PrCons<'a>>,
    |     ^^^^

warning: associated function `new` is never used
   --> src\L08_product_type\bump_spine_iter.rs:141:8
    |
139 | impl<'a> PrCons<'a> {
    | ------------------- associated function in this implementation
140 |     /// 入链构造（新槽恒为链头，最内层）。run 统计只读既有节点。
141 |     fn new(slot: Option<Icit>, next: Option<&'a PrCons<'a>>) -> Self {
    |        ^^^

warning: struct `LCons` is never constructed
   --> src\L08_product_type\bump_spine_iter.rs:158:8
    |
158 | struct LCons<'a> {
    |        ^^^^^

warning: field `0` is never read
   --> src\L08_product_type\bump_spine_iter.rs:176:21
    |
176 | pub(crate) struct V(pub(crate) u64);
    |                   - ^^^^^^^^^^^^^^
    |                   |
    |                   field in this struct
    |
    = help: consider removing this field
    = note: `V` has a derived impl for the trait `Clone`, but this is intentionally ignored during dead code analysis

warning: function `v_lvl` is never used
   --> src\L08_product_type\bump_spine_iter.rs:179:15
    |
179 | pub(crate) fn v_lvl(level: u32) -> V {
    |               ^^^^^

warning: function `v_clo` is never used
   --> src\L08_product_type\bump_spine_iter.rs:183:15
    |
183 | pub(crate) fn v_clo<'a>(p: &'a CloCell<'a>) -> V {
    |               ^^^^^

warning: function `v_spine` is never used
   --> src\L08_product_type\bump_spine_iter.rs:187:15
    |
187 | pub(crate) fn v_spine(idx: usize) -> V {
    |               ^^^^^^^

warning: function `v_u` is never used
   --> src\L08_product_type\bump_spine_iter.rs:191:15
    |
191 | pub(crate) fn v_u() -> V {
    |               ^^^

warning: function `v_pi` is never used
   --> src\L08_product_type\bump_spine_iter.rs:195:15
    |
195 | pub(crate) fn v_pi<'a>(p: &'a PiCell<'a>) -> V {
    |               ^^^^

warning: function `v_meta` is never used
   --> src\L08_product_type\bump_spine_iter.rs:199:15
    |
199 | pub(crate) fn v_meta(m: u32) -> V {
    |               ^^^^^^

warning: function `v_lit_ty` is never used
   --> src\L08_product_type\bump_spine_iter.rs:204:15
    |
204 | pub(crate) fn v_lit_ty() -> V {
    |               ^^^^^^^^

warning: function `v_xcell` is never used
   --> src\L08_product_type\bump_spine_iter.rs:208:15
    |
208 | pub(crate) fn v_xcell<'a>(p: &'a XCell<'a>) -> V {
    |               ^^^^^^^

warning: function `v_tag` is never used
   --> src\L08_product_type\bump_spine_iter.rs:212:15
    |
212 | pub(crate) fn v_tag(v: V) -> u64 {
    |               ^^^^^

warning: function `v_lvl_of` is never used
   --> src\L08_product_type\bump_spine_iter.rs:216:15
    |
216 | pub(crate) fn v_lvl_of(v: V) -> u32 {
    |               ^^^^^^^^

warning: function `v_clo_of` is never used
   --> src\L08_product_type\bump_spine_iter.rs:220:15
    |
220 | pub(crate) fn v_clo_of<'a>(v: V) -> &'a CloCell<'a> {
    |               ^^^^^^^^

warning: function `v_spine_of` is never used
   --> src\L08_product_type\bump_spine_iter.rs:228:15
    |
228 | pub(crate) fn v_spine_of(v: V) -> usize {
    |               ^^^^^^^^^^

warning: function `v_pi_of` is never used
   --> src\L08_product_type\bump_spine_iter.rs:232:15
    |
232 | pub(crate) fn v_pi_of<'a>(v: V) -> &'a PiCell<'a> {
    |               ^^^^^^^

warning: function `v_meta_of` is never used
   --> src\L08_product_type\bump_spine_iter.rs:239:15
    |
239 | pub(crate) fn v_meta_of(v: V) -> u32 {
    |               ^^^^^^^^^

warning: function `v_xcell_of` is never used
   --> src\L08_product_type\bump_spine_iter.rs:244:15
    |
244 | pub(crate) fn v_xcell_of<'a>(v: V) -> &'a XCell<'a> {
    |               ^^^^^^^^^^

warning: fields `name`, `val`, `ty`, and `icit` are never read
   --> src\L08_product_type\bump_spine_iter.rs:254:5
    |
253 | pub(crate) struct SumParamV<'a> {
    |                   --------- fields in this struct
254 |     name: &'a str,
    |     ^^^^
255 |     val: V,
    |     ^^^
256 |     ty: V,
    |     ^^
257 |     icit: Icit,
    |     ^^^^

warning: fields `name`, `val`, and `icit` are never read
   --> src\L08_product_type\bump_spine_iter.rs:262:5
    |
261 | pub(crate) struct SumDataV<'a> {
    |                   -------- fields in this struct
262 |     name: &'a str,
    |     ^^^^
263 |     val: V,
    |     ^^^
264 |     icit: Icit,
    |     ^^^^

warning: multiple variants are never constructed
   --> src\L08_product_type\bump_spine_iter.rs:277:5
    |
276 | pub(crate) enum XCell<'a> {
    |                 ----- variants in this enum
277 |     Lit(&'a str),
    |     ^^^
278 |     Decl(&'a str),
    |     ^^^^
279 |     /// builtin 体标记（空实参；带实参的卡住内建是 spine 链，头 = 本单元）。
280 |     Prim(&'a str),
    |     ^^^^
...
283 |     Obj { val: V, name: &'a str },
    |     ^^^
284 |     /// 和类型本体：名 + 参数槽（名/实参/实参类型/icit）+ 构造子名表。
285 |     Sum {
    |     ^^^
...
291 |     SumCase {
    |     ^^^^^^^
...
298 |     Match {
    |     ^^^^^

warning: fields `flat_base`, `flat_len`, and `binds` are never read
   --> src\L08_product_type\bump_spine_iter.rs:312:5
    |
311 | pub(crate) struct Env<'a> {
    |                   --- fields in this struct
312 |     flat_base: u32,
    |     ^^^^^^^^^
313 |     flat_len: u32,
    |     ^^^^^^^^
314 |     binds: Option<&'a EnvCons<'a>>,
    |     ^^^^^
    |
    = note: `Env` has a derived impl for the trait `Clone`, but this is intentionally ignored during dead code analysis

warning: constant `EMPTY_ENV` is never used
   --> src\L08_product_type\bump_spine_iter.rs:317:7
    |
317 | const EMPTY_ENV: Env<'static> = Env {
    |       ^^^^^^^^^

warning: fields `val` and `next` are never read
   --> src\L08_product_type\bump_spine_iter.rs:325:5
    |
324 | pub(crate) struct EnvCons<'a> {
    |                   ------- fields in this struct
325 |     val: V,
    |     ^^^
326 |     next: Option<&'a EnvCons<'a>>,
    |     ^^^^

warning: function `env_nth` is never used
   --> src\L08_product_type\bump_spine_iter.rs:331:15
    |
331 | pub(crate) fn env_nth(defs: &[V], env: Env<'_>, i: u32) -> V {
    |               ^^^^^^^

warning: function `env_len` is never used
   --> src\L08_product_type\bump_spine_iter.rs:347:15
    |
347 | pub(crate) fn env_len(env: Env<'_>) -> u32 {
    |               ^^^^^^^

warning: function `env_ext` is never used
   --> src\L08_product_type\bump_spine_iter.rs:359:15
    |
359 | pub(crate) fn env_ext<'a>(bump: &'a Bump, env: Env<'a>, v: V) -> Env<'a> {
    |               ^^^^^^^

warning: function `env_ext_defs` is never used
   --> src\L08_product_type\bump_spine_iter.rs:373:15
    |
373 | pub(crate) fn env_ext_defs<'a>(
    |               ^^^^^^^^^^^^

warning: fields `name`, `icit`, `env`, and `body` are never read
   --> src\L08_product_type\bump_spine_iter.rs:402:5
    |
401 | pub(crate) struct CloCell<'a> {
    |                   ------- fields in this struct
402 |     name: &'a str,
    |     ^^^^
403 |     icit: Icit,
    |     ^^^^
404 |     env: Env<'a>,
    |     ^^^
405 |     body: &'a Tm<'a>,
    |     ^^^^

warning: fields `name`, `icit`, `dom`, `env`, and `body` are never read
   --> src\L08_product_type\bump_spine_iter.rs:412:5
    |
411 | pub(crate) struct PiCell<'a> {
    |                   ------ fields in this struct
412 |     name: &'a str,
    |     ^^^^
413 |     icit: Icit,
    |     ^^^^
414 |     dom: V,
    |     ^^^
415 |     env: Env<'a>,
    |     ^^^
416 |     body: &'a Tm<'a>,
    |     ^^^^

warning: constant `HK_OTHER` is never used
   --> src\L08_product_type\bump_spine_iter.rs:433:7
    |
433 | const HK_OTHER: u8 = 0;
    |       ^^^^^^^^

warning: constant `HK_DECL` is never used
   --> src\L08_product_type\bump_spine_iter.rs:434:7
    |
434 | const HK_DECL: u8 = 1;
    |       ^^^^^^^

warning: constant `HK_PRIM` is never used
   --> src\L08_product_type\bump_spine_iter.rs:435:7
    |
435 | const HK_PRIM: u8 = 2;
    |       ^^^^^^^

warning: constant `HK_OBJ` is never used
   --> src\L08_product_type\bump_spine_iter.rs:436:7
    |
436 | const HK_OBJ: u8 = 3;
    |       ^^^^^^

warning: struct `Entry` is never constructed
   --> src\L08_product_type\bump_spine_iter.rs:440:8
    |
440 | struct Entry {
    |        ^^^^^

warning: struct `Spine` is never constructed
   --> src\L08_product_type\bump_spine_iter.rs:450:19
    |
450 | pub(crate) struct Spine {
    |                   ^^^^^

warning: methods `push`, `spine_head`, `collect_args`, `spine_len`, and `flex_of` are never used
   --> src\L08_product_type\bump_spine_iter.rs:458:8
    |
454 | impl Spine {
    | ---------- methods in this implementation
...
458 |     fn push(&mut self, f: V, a: V, icit: Icit) -> V {
    |        ^^^^
...
489 |     fn spine_head(&self, h: usize) -> V {
    |        ^^^^^^^^^^
...
503 |     fn collect_args(&self, h: usize, out: &mut Vec<(V, Icit)>) {
    |        ^^^^^^^^^^^^
...
518 |     fn spine_len(&self, h: usize) -> usize {
    |        ^^^^^^^^^
...
534 |     fn flex_of(&self, v: V, out: &mut Vec<(V, Icit)>) -> Option<u32> {
    |        ^^^^^^^

warning: function `head_kind` is never used
   --> src\L08_product_type\bump_spine_iter.rs:553:4
    |
553 | fn head_kind(spine: &Spine, v: V) -> u8 {
    |    ^^^^^^^^^

warning: function `is_objheaded` is never used
   --> src\L08_product_type\bump_spine_iter.rs:569:4
    |
569 | fn is_objheaded(spine: &Spine, v: V) -> bool {
    |    ^^^^^^^^^^^^

warning: function `xcell_head_name` is never used
   --> src\L08_product_type\bump_spine_iter.rs:575:4
    |
575 | fn xcell_head_name<'a>(spine: &Spine, v: V) -> &'a str {
    |    ^^^^^^^^^^^^^^^

warning: function `is_flex` is never used
   --> src\L08_product_type\bump_spine_iter.rs:591:4
    |
591 | fn is_flex(spine: &Spine, v: V) -> bool {
    |    ^^^^^^^

warning: enum `MetaEntry` is never used
   --> src\L08_product_type\bump_spine_iter.rs:605:17
    |
605 | pub(crate) enum MetaEntry {
    |                 ^^^^^^^^^

warning: function `meta_val_of` is never used
   --> src\L08_product_type\bump_spine_iter.rs:612:4
    |
612 | fn meta_val_of(metas: &[MetaEntry], m: u32) -> V {
    |    ^^^^^^^^^^^

warning: struct `DeclEntryF` is never constructed
   --> src\L08_product_type\bump_spine_iter.rs:626:19
    |
626 | pub(crate) struct DeclEntryF {
    |                   ^^^^^^^^^^

warning: type alias `MutableMap` is never used
   --> src\L08_product_type\bump_spine_iter.rs:632:17
    |
632 | pub(crate) type MutableMap = RefCell<FxHashMap<SmolStr, V>>;
    |                 ^^^^^^^^^^

warning: type alias `Fuel` is never used
   --> src\L08_product_type\bump_spine_iter.rs:635:17
    |
635 | pub(crate) type Fuel = Cell<u32>;
    |                 ^^^^

warning: constant `UNIFY_FUEL` is never used
   --> src\L08_product_type\bump_spine_iter.rs:637:7
    |
637 | const UNIFY_FUEL: u32 = 4096;
    |       ^^^^^^^^^^

warning: function `burn` is never used
   --> src\L08_product_type\bump_spine_iter.rs:641:4
    |
641 | fn burn(fuel: &Fuel) -> bool {
    |    ^^^^

warning: function `lit_of` is never used
   --> src\L08_product_type\bump_spine_iter.rs:656:4
    |
656 | fn lit_of<'a>(v: V) -> Option<&'a str> {
    |    ^^^^^^

warning: function `is_selfref_val` is never used
   --> src\L08_product_type\bump_spine_iter.rs:670:4
    |
670 | fn is_selfref_val(v: V, name: &str) -> bool {
    |    ^^^^^^^^^^^^^^

warning: function `prim_reduce` is never used
   --> src\L08_product_type\bump_spine_iter.rs:679:4
    |
679 | fn prim_reduce<'a>(
    |    ^^^^^^^^^^^

warning: function `vapp1` is never used
   --> src\L08_product_type\bump_spine_iter.rs:952:4
    |
952 | fn vapp1<'a>(
    |    ^^^^^

warning: function `vapp_ok` is never used
    --> src\L08_product_type\bump_spine_iter.rs:1015:4
     |
1015 | fn vapp_ok(v: V) -> bool {
     |    ^^^^^^^

warning: function `project` is never used
    --> src\L08_product_type\bump_spine_iter.rs:1029:4
     |
1029 | fn project<'a>(v: V, name: &str) -> Option<V> {
     |    ^^^^^^^

warning: function `val_mentions_lvl` is never used
    --> src\L08_product_type\bump_spine_iter.rs:1055:15
     |
1055 | pub(crate) fn val_mentions_lvl(spine: &Spine, defs: &[V], v: V, x: u32) -> bool {
     |               ^^^^^^^^^^^^^^^^

warning: function `force` is never used
    --> src\L08_product_type\bump_spine_iter.rs:1154:4
     |
1154 | fn force<'a>(
     |    ^^^^^

warning: function `force_arg` is never used
    --> src\L08_product_type\bump_spine_iter.rs:1381:4
     |
1381 | fn force_arg<'a>(
     |    ^^^^^^^^^

warning: function `eval_aux` is never used
    --> src\L08_product_type\bump_spine_iter.rs:1409:4
     |
1409 | fn eval_aux<'a>(
     |    ^^^^^^^^

warning: function `eval_aux_case` is never used
    --> src\L08_product_type\bump_spine_iter.rs:1435:4
     |
1435 | fn eval_aux_case<'a>(
     |    ^^^^^^^^^^^^^

warning: enum `W` is never used
    --> src\L08_product_type\bump_spine_iter.rs:1507:6
     |
1507 | enum W<'a> {
     |      ^

warning: function `eval_iter` is never used
    --> src\L08_product_type\bump_spine_iter.rs:1552:4
     |
1552 | fn eval_iter<'a>(
     |    ^^^^^^^^^

warning: enum `QJob` is never used
    --> src\L08_product_type\bump_spine_iter.rs:1898:6
     |
1898 | enum QJob<'a> {
     |      ^^^^

warning: type alias `QuoteMemo` is never used
    --> src\L08_product_type\bump_spine_iter.rs:1942:6
     |
1942 | type QuoteMemo<'a> = FxHashMap<(u64, u32), &'a Tm<'a>>;
     |      ^^^^^^^^^

warning: function `quote_iter` is never used
    --> src\L08_product_type\bump_spine_iter.rs:1947:4
     |
1947 | fn quote_iter<'a>(
     |    ^^^^^^^^^^

warning: static `NO_CONV_MEMO` is never used
    --> src\L08_product_type\bump_spine_iter.rs:2373:8
     |
2373 | static NO_CONV_MEMO: std::sync::LazyLock<std::sync::atomic::AtomicBool> =
     |        ^^^^^^^^^^^^

warning: function `pm_solve_into` is never used
    --> src\L08_product_type\bump_spine_iter.rs:2380:4
     |
2380 | fn pm_solve_into(pm_defs: &mut Vec<(u32, V)>, spine: &Spine, defs: &[V], x: u32, v: V) -> bool {
     |    ^^^^^^^^^^^^^

warning: function `pm_solvable_contains` is never used
    --> src\L08_product_type\bump_spine_iter.rs:2389:4
     |
2389 | fn pm_solvable_contains(pm_solvable: &[u32], x: u32) -> bool {
     |    ^^^^^^^^^^^^^^^^^^^^

warning: enum `UItem` is never used
    --> src\L08_product_type\bump_spine_iter.rs:2396:6
     |
2396 | enum UItem<'a> {
     |      ^^^^^

warning: function `intersect_bump` is never used
    --> src\L08_product_type\bump_spine_iter.rs:2443:4
     |
2443 | fn intersect_bump<'a>(
     |    ^^^^^^^^^^^^^^

warning: function `flex_flex_bump` is never used
    --> src\L08_product_type\bump_spine_iter.rs:2513:4
     |
2513 | fn flex_flex_bump<'a>(
     |    ^^^^^^^^^^^^^^

warning: function `unify_sp_lockstep` is never used
    --> src\L08_product_type\bump_spine_iter.rs:2582:4
     |
2582 | fn unify_sp_lockstep<'a>(
     |    ^^^^^^^^^^^^^^^^^

warning: function `unify_iter` is never used
    --> src\L08_product_type\bump_spine_iter.rs:2650:4
     |
2650 | fn unify_iter<'a>(
     |    ^^^^^^^^^^

warning: struct `RenBuf` is never constructed
    --> src\L08_product_type\bump_spine_iter.rs:3355:8
     |
3355 | struct RenBuf {
     |        ^^^^^^

warning: constant `NONE_MARK` is never used
    --> src\L08_product_type\bump_spine_iter.rs:3363:7
     |
3363 | const NONE_MARK: u32 = u32::MAX;
     |       ^^^^^^^^^

warning: methods `reset`, `get`, `has_mark`, `set`, and `clone_valid` are never used
    --> src\L08_product_type\bump_spine_iter.rs:3368:8
     |
3365 | impl RenBuf {
     | ----------- methods in this implementation
...
3368 |     fn reset(&mut self) {
     |        ^^^^^
...
3373 |     fn get(&self, x: usize) -> Option<u32> {
     |        ^^^
...
3388 |     fn has_mark(&self, x: usize) -> bool {
     |        ^^^^^^^^
...
3392 |     fn set(&mut self, x: usize, v: u32) {
     |        ^^^
...
3405 |     fn clone_valid(&self) -> RenBuf {
     |        ^^^^^^^^^^^

warning: function `invert_bump` is never used
    --> src\L08_product_type\bump_spine_iter.rs:3427:4
     |
3427 | fn invert_bump<'a>(
     |    ^^^^^^^^^^^

warning: function `solve_with_pren_bump` is never used
    --> src\L08_product_type\bump_spine_iter.rs:3487:4
     |
3487 | fn solve_with_pren_bump<'a>(
     |    ^^^^^^^^^^^^^^^^^^^^

warning: function `solve_bump` is never used
    --> src\L08_product_type\bump_spine_iter.rs:3538:4
     |
3538 | fn solve_bump<'a>(
     |    ^^^^^^^^^^

warning: enum `RJob` is never used
    --> src\L08_product_type\bump_spine_iter.rs:3568:6
     |
3568 | enum RJob<'a> {
     |      ^^^^

warning: function `rename_iter` is never used
    --> src\L08_product_type\bump_spine_iter.rs:3588:4
     |
3588 | fn rename_iter<'a>(
     |    ^^^^^^^^^^^

warning: enum `SpinePruneStatus` is never used
    --> src\L08_product_type\bump_spine_iter.rs:3903:6
     |
3903 | enum SpinePruneStatus {
     |      ^^^^^^^^^^^^^^^^

warning: function `prune_vflex_bump` is never used
    --> src\L08_product_type\bump_spine_iter.rs:3913:4
     |
3913 | fn prune_vflex_bump<'a>(
     |    ^^^^^^^^^^^^^^^^

warning: function `prune_meta_bump` is never used
    --> src\L08_product_type\bump_spine_iter.rs:3987:4
     |
3987 | fn prune_meta_bump<'a>(
     |    ^^^^^^^^^^^^^^^

warning: function `prune_ty_bump` is never used
    --> src\L08_product_type\bump_spine_iter.rs:4035:4
     |
4035 | fn prune_ty_bump<'a>(
     |    ^^^^^^^^^^^^^

warning: function `alloc_xname` is never used
    --> src\L08_product_type\bump_spine_iter.rs:4099:4
     |
4099 | fn alloc_xname<'a>(bump: &'a Bump, n: u32) -> &'a str {
     |    ^^^^^^^^^^^

warning: function `lams_from_ty` is never used
    --> src\L08_product_type\bump_spine_iter.rs:4119:4
     |
4119 | fn lams_from_ty<'a>(
     |    ^^^^^^^^^^^^

warning: constant `EQ_BUDGET` is never used
    --> src\L08_product_type\bump_spine_iter.rs:4173:7
     |
4173 | const EQ_BUDGET: usize = 20_000;
     |       ^^^^^^^^^

warning: struct `EqBudget` is never constructed
    --> src\L08_product_type\bump_spine_iter.rs:4175:8
     |
4175 | struct EqBudget(usize);
     |        ^^^^^^^^

warning: method `spend` is never used
    --> src\L08_product_type\bump_spine_iter.rs:4178:8
     |
4177 | impl EqBudget {
     | ------------- method in this implementation
4178 |     fn spend(&mut self) -> bool {
     |        ^^^^^

warning: function `pr_slots` is never used
    --> src\L08_product_type\bump_spine_iter.rs:4188:4
     |
4188 | fn pr_slots(p: &Option<&PrCons<'_>>) -> Vec<Option<Icit>> {
     |    ^^^^^^^^

warning: function `struct_tm_eq` is never used
    --> src\L08_product_type\bump_spine_iter.rs:4198:4
     |
4198 | fn struct_tm_eq(a: &Tm<'_>, b: &Tm<'_>) -> bool {
     |    ^^^^^^^^^^^^

warning: function `struct_val_eq` is never used
    --> src\L08_product_type\bump_spine_iter.rs:4202:4
     |
4202 | fn struct_val_eq(spine: &Spine, defs: &[V], a: V, b: V) -> bool {
     |    ^^^^^^^^^^^^^

warning: function `struct_env_eq` is never used
    --> src\L08_product_type\bump_spine_iter.rs:4206:4
     |
4206 | fn struct_env_eq(spine: &Spine, defs: &[V], a: Env<'_>, b: Env<'_>) -> bool {
     |    ^^^^^^^^^^^^^

warning: function `struct_spine_eq_go` is never used
    --> src\L08_product_type\bump_spine_iter.rs:4210:4
     |
4210 | fn struct_spine_eq_go(budget: &mut EqBudget, spine: &Spine, defs: &[V], h1: usize, h2: usize) -> bool {
     |    ^^^^^^^^^^^^^^^^^^

warning: function `struct_tm_eq_go` is never used
    --> src\L08_product_type\bump_spine_iter.rs:4227:4
     |
4227 | fn struct_tm_eq_go(budget: &mut EqBudget, a: &Tm<'_>, b: &Tm<'_>) -> bool {
     |    ^^^^^^^^^^^^^^^

warning: function `struct_val_eq_go` is never used
    --> src\L08_product_type\bump_spine_iter.rs:4298:4
     |
4298 | fn struct_val_eq_go(budget: &mut EqBudget, spine: &Spine, defs: &[V], x: V, y: V) -> bool {
     |    ^^^^^^^^^^^^^^^^

warning: function `struct_env_eq_go` is never used
    --> src\L08_product_type\bump_spine_iter.rs:4400:4
     |
4400 | fn struct_env_eq_go(
     |    ^^^^^^^^^^^^^^^^

warning: struct `ConvScratch` is never constructed
    --> src\L08_product_type\bump_spine_iter.rs:4454:8
     |
4454 | struct ConvScratch {
     |        ^^^^^^^^^^^

warning: constant `PI_NAME` is never used
    --> src\L08_product_type\bump_spine_iter.rs:4460:7
     |
4460 | const PI_NAME: &str = "x"; // infer App 非 Π 分支合成的闭包名（只服务 pretty）
     |       ^^^^^^^

warning: struct `Machine` is never constructed
    --> src\L08_product_type\bump_spine_iter.rs:4466:19
     |
4466 | pub(crate) struct Machine {
     |                   ^^^^^^^

warning: multiple associated items are never used
    --> src\L08_product_type\bump_spine_iter.rs:4517:19
     |
4516 | impl Machine {
     | ------------ associated items in this implementation
4517 |     pub(crate) fn new() -> Self {
     |                   ^^^
...
4549 |     fn clear_round(&mut self) {
     |        ^^^^^^^^^^^
...
4565 |     fn pm_mark(&self) -> (usize, usize) {
     |        ^^^^^^^
...
4571 |     fn pm_restore(&mut self, mark: (usize, usize)) {
     |        ^^^^^^^^^^
...
4576 |     fn pm_def(&self, x: u32) -> Option<V> {
     |        ^^^^^^
...
4584 |     fn is_flex_v(&self, v: V) -> bool {
     |        ^^^^^^^^^
...
4589 |     fn pm_solve(&mut self, x: u32, v: V) -> bool {
     |        ^^^^^^^^
...
4602 |     fn bind_name<'a>(
     |        ^^^^^^^^^
...
4639 |     fn new_binder<'a>(
     |        ^^^^^^^^^^
...
4674 |     fn define_name<'a>(
     |        ^^^^^^^^^^^
...
4713 |     fn name_mark(&self) -> u32 {
     |        ^^^^^^^^^
...
4718 |     fn unwind_names(&mut self, mark: u32) {
     |        ^^^^^^^^^^^^
...
4741 |     fn fresh_meta<'a>(&mut self, bump: &'a Bump, cxt: &Cxt<'a>, a: V) -> &'a Tm<'a> {
     |        ^^^^^^^^^^
...
4771 |     fn close_tm<'a>(
     |        ^^^^^^^^
...
4790 |     fn eval_fresh(
     |        ^^^^^^^^^^
...
4814 |     fn eval<'a>(
     |        ^^^^
...
4859 |     fn quote<'a>(
     |        ^^^^^
...
4916 |     fn quote_memo<'a>(
     |        ^^^^^^^^^^
...
4976 |     fn unify<'a>(
     |        ^^^^^
...
5032 |     fn unify_catch(&mut self, bump: &Bump, cxt: &Cxt<'_>, t: V, t_prime: V) -> Result<(), Error> {
     |        ^^^^^^^^^^^
...
5057 |     fn force_v(&mut self, bump: &Bump, decls: &FxHashMap<String, DeclEntryF>, v: V) -> V {
     |        ^^^^^^^
...
5074 |     fn insert_go<'a>(
     |        ^^^^^^^^^
...
5099 |     fn insert_t<'a>(
     |        ^^^^^^^^
...
5110 |     fn insert<'a>(
     |        ^^^^^^
...
5125 |     fn insert_until_name<'a>(
     |        ^^^^^^^^^^^^^^^^^
...
5163 |     fn check<'a>(
     |        ^^^^^
...
5272 |     fn ty_precheck(&mut self, bump: &Bump, decls: &FxHashMap<String, DeclEntryF>, t: &Raw) -> Result<(), Error> {
     |        ^^^^^^^^^^^
...
5318 |     fn check_ty<'a>(
     |        ^^^^^^^^
...
5350 |     fn infer_expr<'a>(
     |        ^^^^^^^^^^
...
5740 |     fn infer_decl<'a>(
     |        ^^^^^^^^^^

warning: enum `DeclOut` is never used
    --> src\L08_product_type\bump_spine_iter.rs:5961:6
     |
5961 | enum DeclOut<'a> {
     |      ^^^^^^^

warning: function `bind_prefix_of_telescope` is never used
    --> src\L08_product_type\bump_spine_iter.rs:5969:4
     |
5969 | fn bind_prefix_of_telescope(mut ls: Option<&LCons<'_>>) -> Option<u32> {
     |    ^^^^^^^^^^^^^^^^^^^^^^^^

warning: function `has_free_var` is never used
    --> src\L08_product_type\bump_spine_iter.rs:5989:4
     |
5989 | fn has_free_var(t: &Tm<'_>) -> bool {
     |    ^^^^^^^^^^^^

warning: struct `Cxt` is never constructed
    --> src\L08_product_type\bump_spine_iter.rs:6045:8
     |
6045 | struct Cxt<'a> {
     |        ^^^

warning: struct `TCons` is never constructed
    --> src\L08_product_type\bump_spine_iter.rs:6070:8
     |
6070 | struct TCons<'a> {
     |        ^^^^^

warning: associated function `empty` is never used
    --> src\L08_product_type\bump_spine_iter.rs:6078:8
     |
6077 | impl<'a> Cxt<'a> {
     | ---------------- associated function in this implementation
6078 |     fn empty() -> Self {
     |        ^^^^^

warning: function `decl_insert` is never used
    --> src\L08_product_type\bump_spine_iter.rs:6097:4
     |
6097 | fn decl_insert<'a>(cxt: &Cxt<'a>, k: &str, e: DeclEntryF) -> Cxt<'a> {
     |    ^^^^^^^^^^^

warning: function `bind_slots` is never used
    --> src\L08_product_type\bump_spine_iter.rs:6123:4
     |
6123 | fn bind_slots(defs: &[V], cxt: &Cxt<'_>) -> Vec<u32> {
     |    ^^^^^^^^^^

warning: function `types_names_list` is never used
    --> src\L08_product_type\bump_spine_iter.rs:6141:4
     |
6141 | fn types_names_list(tys: Option<&TCons<'_>>) -> crate::list::List<String> {
     |    ^^^^^^^^^^^^^^^^

warning: struct `Compiler` is never constructed
    --> src\L08_product_type\bump_spine_iter.rs:6162:8
     |
6162 | struct Compiler<'a> {
     |        ^^^^^^^^

warning: enum `Walk` is never used
    --> src\L08_product_type\bump_spine_iter.rs:6168:6
     |
6168 | enum Walk<'a> {
     |      ^^^^

warning: function `sum_case_names` is never used
    --> src\L08_product_type\bump_spine_iter.rs:6174:4
     |
6174 | fn sum_case_names(v: V) -> Vec<String> {
     |    ^^^^^^^^^^^^^^

warning: function `covers` is never used
    --> src\L08_product_type\bump_spine_iter.rs:6182:4
     |
6182 | fn covers(pat: &Pattern, ctor: &str, ctor_names: &[String]) -> bool {
     |    ^^^^^^

warning: function `is_catch_all` is never used
    --> src\L08_product_type\bump_spine_iter.rs:6192:4
     |
6192 | fn is_catch_all(pat: &Pattern, ctor_names: &[String]) -> bool {
     |    ^^^^^^^^^^^^

warning: associated items `new`, `compile`, `probe_accessible`, `unify_indices`, `walk`, and `walk_con` are never used
    --> src\L08_product_type\bump_spine_iter.rs:6202:8
     |
6201 | impl<'a> Compiler<'a> {
     | --------------------- associated items in this implementation
6202 |     fn new() -> Self {
     |        ^^^
...
6210 |     fn compile(
     |        ^^^^^^^
...
6310 |     fn probe_accessible(
     |        ^^^^^^^^^^^^^^^^
...
6370 |     fn unify_indices(
     |        ^^^^^^^^^^^^^
...
6400 |     fn walk(
     |        ^^^^
...
6430 |     fn walk_con(
     |        ^^^^^^^^

warning: function `simpl_decl` is never used
    --> src\L08_product_type\bump_spine_iter.rs:6648:4
     |
6648 | fn simpl_decl(bump: &Bump, decls: &FxHashMap<String, DeclEntryF>) -> FxHashMap<String, DeclEntryF> {
     |    ^^^^^^^^^^

warning: function `str_pi` is never used
    --> src\L08_product_type\bump_spine_iter.rs:6666:4
     |
6666 | fn str_pi<'a>(bump: &'a Bump, params: &[&str], ret: &'a Tm<'a>) -> &'a Tm<'a> {
     |    ^^^^^^

warning: function `tm_pi` is never used
    --> src\L08_product_type\bump_spine_iter.rs:6680:4
     |
6680 | fn tm_pi<'a>(bump: &'a Bump, name: &str, dom: &'a Tm<'a>, cod: &'a Tm<'a>) -> &'a Tm<'a> {
     |    ^^^^^

warning: function `st2g_app` is never used
    --> src\L08_product_type\bump_spine_iter.rs:6685:4
     |
6685 | fn st2g_app<'a>(bump: &'a Bump, ix: u32) -> &'a Tm<'a> {
     |    ^^^^^^^^

warning: methods `prime_round` and `elab_all` are never used
    --> src\L08_product_type\bump_spine_iter.rs:6701:8
     |
6693 | impl Machine {
     | ------------ methods in this implementation
...
6701 |     fn prime_round<'a>(&mut self, bump: &'a Bump) -> Cxt<'a> {
     |        ^^^^^^^^^^^
...
6799 |     fn elab_all<'a>(
     |        ^^^^^^^^

warning: function `export` is never used
    --> src\L08_product_type\bump_spine_iter.rs:6826:4
     |
6826 | fn export(t: &Tm<'_>) -> CTm {
     |    ^^^^^^

warning: function `tm_size` is never used
    --> src\L08_product_type\bump_spine_iter.rs:6990:4
     |
6990 | fn tm_size(t: &Tm<'_>) -> u64 {
     |    ^^^^^^^

warning: static `NO_NAME_MAP` is never used
    --> src\L08_product_type\bump_spine_iter.rs:7047:8
     |
7047 | static NO_NAME_MAP: std::sync::LazyLock<std::sync::atomic::AtomicBool> =
     |        ^^^^^^^^^^^

warning: struct `Tycker` is never constructed
    --> src\L08_product_type\bump_spine_iter.rs:7054:19
     |
7054 | pub(crate) struct Tycker {
     |                   ^^^^^^

warning: multiple associated items are never used
    --> src\L08_product_type\bump_spine_iter.rs:7060:19
     |
7059 | impl Tycker {
     | ----------- associated items in this implementation
7060 |     pub(crate) fn new() -> Self {
     |                   ^^^
...
7072 |     pub(crate) fn run_decls(&mut self, ast: &[Decl]) -> Result<String, Error> {
     |                   ^^^^^^^^^
...
7096 |     pub(crate) fn run_input(&mut self, input: &str, path_id: u32) -> Result<String, Error> {
     |                   ^^^^^^^^^
...
7102 |     pub(crate) fn bench_check(&mut self, ast: &[Decl]) -> bool {
     |                   ^^^^^^^^^^^
...
7112 |     pub(crate) fn bench_check_nf(&mut self, ast: &[Decl]) -> u64 {
     |                   ^^^^^^^^^^^^^^
...
7117 |     pub(crate) fn bench_check_nf_memo(&mut self, ast: &[Decl]) -> u64 {
     |                   ^^^^^^^^^^^^^^^^^^^
...
7121 |     fn bench_nf_impl(&mut self, ast: &[Decl], use_memo: bool) -> u64 {
     |        ^^^^^^^^^^^^^

warning: function `run_fast` is never used
    --> src\L08_product_type\bump_spine_iter.rs:7145:15
     |
7145 | pub(crate) fn run_fast(input: &str, path_id: u32) -> Result<String, Error> {
     |               ^^^^^^^^

warning: function `parse` is never used
    --> src\L08_product_type\bump_spine_iter.rs:7152:15
     |
7152 | pub(crate) fn parse(input: &str, path_id: u32) -> Result<Vec<Decl>, String> {
     |               ^^^^^

warning: type alias `SourceDecl` is never used
    --> src\L08_product_type\bump_spine_iter.rs:7157:17
     |
7157 | pub(crate) type SourceDecl = Decl;
     |                 ^^^^^^^^^^

warning: function `church_src` is never used
    --> src\L08_product_type\bump_spine_iter.rs:7165:15
     |
7165 | pub(crate) fn church_src(k: u32) -> String {
     |               ^^^^^^^^^^

warning: function `strchain_src` is never used
    --> src\L08_product_type\bump_spine_iter.rs:7180:15
     |
7180 | pub(crate) fn strchain_src(k: u32) -> String {
     |               ^^^^^^^^^^^^

warning: function `globals_src` is never used
    --> src\L08_product_type\bump_spine_iter.rs:7192:15
     |
7192 | pub(crate) fn globals_src(k: u32) -> String {
     |               ^^^^^^^^^^^

warning: function `match_src` is never used
    --> src\L08_product_type\bump_spine_iter.rs:7204:15
     |
7204 | pub(crate) fn match_src(k: u32) -> String {
     |               ^^^^^^^^^

warning: function `enum_src` is never used
    --> src\L08_product_type\bump_spine_iter.rs:7220:15
     |
7220 | pub(crate) fn enum_src() -> String {
     |               ^^^^^^^^

warning: function `struct_src` is never used
    --> src\L08_product_type\bump_spine_iter.rs:7285:15
     |
7285 | pub(crate) fn struct_src(k: u32) -> String {
     |               ^^^^^^^^^^

warning: field `1` is never read
  --> src\L09_mltt\mod.rs:36:17
   |
36 |     Solved(Val, VTy),
   |     ------      ^^^
   |     |
   |     field in this variant
   |
   = note: `MetaEntry` has derived impls for the traits `Clone` and `Debug`, but these are intentionally ignored during dead code analysis
help: consider changing the field to be of unit type to suppress this warning while preserving the field numbering, or remove the field
   |
36 -     Solved(Val, VTy),
36 +     Solved(Val, ()),
   |

warning: enum `BD` is never used
  --> src\L09_mltt\mod.rs:44:6
   |
44 | enum BD {
   |      ^^

warning: field `0` is never read
   --> src\L09_mltt\mod.rs:211:18
    |
211 | pub struct Error(pub Span<String>);
    |            ----- ^^^^^^^^^^^^^^^^
    |            |
    |            field in this struct
    |
    = help: consider removing this field
    = note: `Error` has a derived impl for the trait `Debug`, but this is intentionally ignored during dead code analysis

warning: function `tm_size_ref` is never used
   --> src\L09_mltt\mod.rs:570:4
    |
570 | fn tm_size_ref(t: &Tm) -> u64 {
    |    ^^^^^^^^^^^

warning: function `bench_check` is never used
   --> src\L09_mltt\mod.rs:622:15
    |
622 | pub(crate) fn bench_check(decls: &[parser::syntax::Decl]) -> bool {
    |               ^^^^^^^^^^^

warning: function `bench_check_nf` is never used
   --> src\L09_mltt\mod.rs:636:15
    |
636 | pub(crate) fn bench_check_nf(decls: &[parser::syntax::Decl]) -> u64 {
    |               ^^^^^^^^^^^^^^

warning: variant `ExpectDecl` is never constructed
  --> src\L09_mltt\parser\mod.rs:40:5
   |
35 | pub enum BaseMsg {
   |          ------- variant in this enum
...
40 |     ExpectDecl,
   |     ^^^^^^^^^^
   |
   = note: `BaseMsg` has derived impls for the traits `Clone` and `Debug`, but these are intentionally ignored during dead code analysis

warning: variant `Custom` is never constructed
  --> src\L09_mltt\parser\mod.rs:47:5
   |
44 | pub enum ErrMsg {
   |          ------ variant in this enum
...
47 |     Custom(String),
   |     ^^^^^^
   |
   = note: `ErrMsg` has derived impls for the traits `Clone` and `Debug`, but these are intentionally ignored during dead code analysis

warning: function `p_pi_impl_binder_option` is never used
   --> src\L09_mltt\parser\mod.rs:442:4
    |
442 | fn p_pi_impl_binder_option<'a: 'b, 'b>(
    |    ^^^^^^^^^^^^^^^^^^^^^^^

warning: field `0` is never read
  --> src\L09_mltt\pattern_match.rs:25:10
   |
25 |     Leaf(MatchBody),
   |     ---- ^^^^^^^^^
   |     |
   |     field in this variant
   |
   = note: `DecisionTree` has derived impls for the traits `Clone` and `Debug`, but these are intentionally ignored during dead code analysis
help: consider changing the field to be of unit type to suppress this warning while preserving the field numbering, or remove the field
   |
25 -     Leaf(MatchBody),
25 +     Leaf(()),
   |

warning: fields `0`, `1`, and `2` are never read
  --> src\L09_mltt\pattern_match.rs:27:9
   |
26 |     Branch(
   |     ------ fields in this variant
27 |         TypeName,
   |         ^^^^^^^^
28 |         Var,
   |         ^^^
29 |         Vec<(Constructor, Vec<Var>, Box<DecisionTree>)>,
   |         ^^^^^^^^^^^^^^^^^^^^^^^^^^^^^^^^^^^^^^^^^^^^^^^
   |
   = note: `DecisionTree` has derived impls for the traits `Clone` and `Debug`, but these are intentionally ignored during dead code analysis
help: consider changing the fields to be of unit type to suppress this warning while preserving the field numbering, or remove the fields
   |
27 ~         (),
28 ~         (),
29 ~         (),
   |

warning: method `iter` is never used
  --> src\L09_mltt\pattern_match.rs:34:12
   |
33 | impl DecisionTree {
   | ----------------- method in this implementation
34 |     pub fn iter(&self) -> Box<dyn Iterator<Item = &MatchBody> + '_> {
   |            ^^^^

warning: field `0` is never read
  --> src\L09_mltt\pattern_match.rs:45:17
   |
45 |     Unreachable(Raw),
   |     ----------- ^^^
   |     |
   |     field in this variant
   |
   = note: `Warning` has derived impls for the traits `Clone` and `Debug`, but these are intentionally ignored during dead code analysis
help: consider changing the field to be of unit type to suppress this warning while preserving the field numbering, or remove the field
   |
45 -     Unreachable(Raw),
45 +     Unreachable(()),
   |

warning: field `0` is never read
  --> src\L09_mltt\pattern_match.rs:46:15
   |
46 |     Unmatched(Pattern),
   |     --------- ^^^^^^^
   |     |
   |     field in this variant
   |
   = note: `Warning` has derived impls for the traits `Clone` and `Debug`, but these are intentionally ignored during dead code analysis
help: consider changing the field to be of unit type to suppress this warning while preserving the field numbering, or remove the field
   |
46 -     Unmatched(Pattern),
46 +     Unmatched(()),
   |

warning: type alias `ShowS` is never used
 --> src\L09_mltt\pretty.rs:8:6
  |
8 | type ShowS = Box<dyn FnOnce(&mut String)>;
  |      ^^^^^

warning: constant `GLOBAL_BASE` is never used
  --> src\L09_mltt\bump_spine_iter.rs:63:7
   |
63 | const GLOBAL_BASE: u32 = 1919810;
   |       ^^^^^^^^^^^

warning: multiple variants are never constructed
  --> src\L09_mltt\bump_spine_iter.rs:70:5
   |
69 | pub(crate) enum Tm<'a> {
   |                 -- variants in this enum
70 |     Var(u32),
   |     ^^^
71 |     Lam(&'a str, Icit, &'a Tm<'a>),
   |     ^^^
72 |     App(&'a Tm<'a>, &'a Tm<'a>, Icit),
   |     ^^^
...
75 |     AppPruning(&'a Tm<'a>, Option<&'a PrCons<'a>>),
   |     ^^^^^^^^^^
76 |     U(u32),
   |     ^
77 |     Pi(&'a str, Icit, &'a Tm<'a>, &'a Tm<'a>),
   |     ^^
78 |     Let(&'a str, &'a Tm<'a>, &'a Tm<'a>, &'a Tm<'a>),
   |     ^^^
79 |     Meta(u32),
   |     ^^^^
80 |     /// String 字面量的类型（`String`）。
81 |     LiteralType,
   |     ^^^^^^^^^^^
82 |     /// 字符串字面量（内容即值）。
83 |     LiteralIntro(&'a str),
   |     ^^^^^^^^^^^^
84 |     /// builtin 体标记（无名；求值时读 env 前两槽拼接或卡住）。
85 |     Prim,
   |     ^^^^
86 |     /// `x.field` 投影（参考版 `Tm::Obj`；字段名只服务 pretty/查表）。
87 |     Obj(&'a Tm<'a>, &'a str),
   |     ^^^
...
90 |     Sum(&'a str, &'a [SumParamT<'a>], &'a [&'a str]),
   |     ^^^
91 |     /// 构造子值：typ 求值后必须是其所属的（已实例化的）`Sum`。
92 |     SumCase {
   |     ^^^^^^^
...
98 |     Match(&'a Tm<'a>, &'a [(PatternDetail, &'a Tm<'a>)]),
   |     ^^^^^

warning: fields `name`, `val`, `ty`, and `icit` are never read
   --> src\L09_mltt\bump_spine_iter.rs:103:16
    |
102 | pub(crate) struct SumParamT<'a> {
    |                   --------- fields in this struct
103 |     pub(crate) name: &'a str,
    |                ^^^^
104 |     pub(crate) val: &'a Tm<'a>,
    |                ^^^
105 |     pub(crate) ty: &'a Tm<'a>,
    |                ^^
106 |     pub(crate) icit: Icit,
    |                ^^^^

warning: fields `name`, `val`, and `icit` are never read
   --> src\L09_mltt\bump_spine_iter.rs:111:16
    |
110 | pub(crate) struct SumDataT<'a> {
    |                   -------- fields in this struct
111 |     pub(crate) name: &'a str,
    |                ^^^^
112 |     pub(crate) val: &'a Tm<'a>,
    |                ^^^
113 |     pub(crate) icit: Icit,
    |                ^^^^

warning: fields `slot`, `none_run`, `after_run`, and `next` are never read
   --> src\L09_mltt\bump_spine_iter.rs:120:5
    |
117 | pub(crate) struct PrCons<'a> {
    |                   ------ fields in this struct
...
120 |     slot: Option<Icit>,
    |     ^^^^
121 |     /// 本节点向外（next 方向）连续 `None`（define 槽）的个数；Some 槽为 0。
122 |     none_run: u32,
    |     ^^^^^^^^
123 |     /// 本 none-run 之后的第一个槽（Some 槽或链尾）——跳段的落点。
124 |     after_run: Option<&'a PrCons<'a>>,
    |     ^^^^^^^^^
125 |     next: Option<&'a PrCons<'a>>,
    |     ^^^^

warning: associated function `new` is never used
   --> src\L09_mltt\bump_spine_iter.rs:130:8
    |
128 | impl<'a> PrCons<'a> {
    | ------------------- associated function in this implementation
129 |     /// 入链构造（新槽恒为链头，最内层）。run 统计只读既有节点。
130 |     fn new(slot: Option<Icit>, next: Option<&'a PrCons<'a>>) -> Self {
    |        ^^^

warning: struct `LCons` is never constructed
   --> src\L09_mltt\bump_spine_iter.rs:147:8
    |
147 | struct LCons<'a> {
    |        ^^^^^

warning: field `0` is never read
   --> src\L09_mltt\bump_spine_iter.rs:165:21
    |
165 | pub(crate) struct V(pub(crate) u64);
    |                   - ^^^^^^^^^^^^^^
    |                   |
    |                   field in this struct
    |
    = help: consider removing this field
    = note: `V` has a derived impl for the trait `Clone`, but this is intentionally ignored during dead code analysis

warning: function `v_lvl` is never used
   --> src\L09_mltt\bump_spine_iter.rs:168:15
    |
168 | pub(crate) fn v_lvl(level: u32) -> V {
    |               ^^^^^

warning: function `v_clo` is never used
   --> src\L09_mltt\bump_spine_iter.rs:172:15
    |
172 | pub(crate) fn v_clo<'a>(p: &'a CloCell<'a>) -> V {
    |               ^^^^^

warning: function `v_spine` is never used
   --> src\L09_mltt\bump_spine_iter.rs:176:15
    |
176 | pub(crate) fn v_spine(idx: usize) -> V {
    |               ^^^^^^^

warning: function `v_u` is never used
   --> src\L09_mltt\bump_spine_iter.rs:180:15
    |
180 | pub(crate) fn v_u(lvl: u32) -> V {
    |               ^^^

warning: function `v_pi` is never used
   --> src\L09_mltt\bump_spine_iter.rs:184:15
    |
184 | pub(crate) fn v_pi<'a>(p: &'a PiCell<'a>) -> V {
    |               ^^^^

warning: function `v_meta` is never used
   --> src\L09_mltt\bump_spine_iter.rs:188:15
    |
188 | pub(crate) fn v_meta(m: u32) -> V {
    |               ^^^^^^

warning: function `v_lit_ty` is never used
   --> src\L09_mltt\bump_spine_iter.rs:193:15
    |
193 | pub(crate) fn v_lit_ty() -> V {
    |               ^^^^^^^^

warning: function `v_xcell` is never used
   --> src\L09_mltt\bump_spine_iter.rs:197:15
    |
197 | pub(crate) fn v_xcell<'a>(p: &'a XCell<'a>) -> V {
    |               ^^^^^^^

warning: function `v_tag` is never used
   --> src\L09_mltt\bump_spine_iter.rs:201:15
    |
201 | pub(crate) fn v_tag(v: V) -> u64 {
    |               ^^^^^

warning: function `v_lvl_of` is never used
   --> src\L09_mltt\bump_spine_iter.rs:205:15
    |
205 | pub(crate) fn v_lvl_of(v: V) -> u32 {
    |               ^^^^^^^^

warning: function `v_clo_of` is never used
   --> src\L09_mltt\bump_spine_iter.rs:209:15
    |
209 | pub(crate) fn v_clo_of<'a>(v: V) -> &'a CloCell<'a> {
    |               ^^^^^^^^

warning: function `v_spine_of` is never used
   --> src\L09_mltt\bump_spine_iter.rs:215:15
    |
215 | pub(crate) fn v_spine_of(v: V) -> usize {
    |               ^^^^^^^^^^

warning: function `v_pi_of` is never used
   --> src\L09_mltt\bump_spine_iter.rs:219:15
    |
219 | pub(crate) fn v_pi_of<'a>(v: V) -> &'a PiCell<'a> {
    |               ^^^^^^^

warning: function `v_meta_of` is never used
   --> src\L09_mltt\bump_spine_iter.rs:225:15
    |
225 | pub(crate) fn v_meta_of(v: V) -> u32 {
    |               ^^^^^^^^^

warning: function `v_u_of` is never used
   --> src\L09_mltt\bump_spine_iter.rs:230:15
    |
230 | pub(crate) fn v_u_of(v: V) -> u32 {
    |               ^^^^^^

warning: function `v_xcell_of` is never used
   --> src\L09_mltt\bump_spine_iter.rs:238:15
    |
238 | pub(crate) fn v_xcell_of<'a>(v: V) -> &'a XCell<'a> {
    |               ^^^^^^^^^^

warning: fields `name`, `val`, `ty`, and `icit` are never read
   --> src\L09_mltt\bump_spine_iter.rs:248:5
    |
247 | pub(crate) struct SumParamV<'a> {
    |                   --------- fields in this struct
248 |     name: &'a str,
    |     ^^^^
249 |     val: V,
    |     ^^^
250 |     ty: V,
    |     ^^
251 |     icit: Icit,
    |     ^^^^
    |
    = note: `SumParamV` has a derived impl for the trait `Clone`, but this is intentionally ignored during dead code analysis

warning: fields `name`, `val`, and `icit` are never read
   --> src\L09_mltt\bump_spine_iter.rs:256:5
    |
255 | pub(crate) struct SumDataV<'a> {
    |                   -------- fields in this struct
256 |     name: &'a str,
    |     ^^^^
257 |     val: V,
    |     ^^^
258 |     icit: Icit,
    |     ^^^^

warning: variants `Lit`, `Prim`, `Obj`, `Sum`, `SumCase`, and `Match` are never constructed
   --> src\L09_mltt\bump_spine_iter.rs:270:5
    |
269 | pub(crate) enum XCell<'a> {
    |                 ----- variants in this enum
270 |     Lit(&'a str),
    |     ^^^
271 |     /// builtin 体标记（无名；v_app 对它 panic，故永无 Prim 头的链）。
272 |     Prim,
    |     ^^^^
...
275 |     Obj { val: V, name: &'a str },
    |     ^^^
276 |     /// 和类型本体：名 + 参数槽（名/实参/实参类型/icit）+ 构造子名表。
277 |     Sum {
    |     ^^^
...
283 |     SumCase {
    |     ^^^^^^^
...
291 |     Match {
    |     ^^^^^

warning: fields `flat_base`, `flat_len`, and `binds` are never read
   --> src\L09_mltt\bump_spine_iter.rs:304:5
    |
303 | pub(crate) struct Env<'a> {
    |                   --- fields in this struct
304 |     flat_base: u32,
    |     ^^^^^^^^^
305 |     flat_len: u32,
    |     ^^^^^^^^
306 |     binds: Option<&'a EnvCons<'a>>,
    |     ^^^^^
    |
    = note: `Env` has a derived impl for the trait `Clone`, but this is intentionally ignored during dead code analysis

warning: constant `EMPTY_ENV` is never used
   --> src\L09_mltt\bump_spine_iter.rs:309:7
    |
309 | const EMPTY_ENV: Env<'static> = Env {
    |       ^^^^^^^^^

warning: fields `val` and `next` are never read
   --> src\L09_mltt\bump_spine_iter.rs:317:5
    |
316 | pub(crate) struct EnvCons<'a> {
    |                   ------- fields in this struct
317 |     val: V,
    |     ^^^
318 |     next: Option<&'a EnvCons<'a>>,
    |     ^^^^

warning: function `env_nth` is never used
   --> src\L09_mltt\bump_spine_iter.rs:323:15
    |
323 | pub(crate) fn env_nth(defs: &[V], env: Env<'_>, i: u32) -> V {
    |               ^^^^^^^

warning: function `env_len` is never used
   --> src\L09_mltt\bump_spine_iter.rs:338:15
    |
338 | pub(crate) fn env_len(env: Env<'_>) -> u32 {
    |               ^^^^^^^

warning: function `env_collect` is never used
   --> src\L09_mltt\bump_spine_iter.rs:352:15
    |
352 | pub(crate) fn env_collect(defs: &[V], env: Env<'_>, out: &mut Vec<V>) {
    |               ^^^^^^^^^^^

warning: function `env_ext` is never used
   --> src\L09_mltt\bump_spine_iter.rs:365:15
    |
365 | pub(crate) fn env_ext<'a>(bump: &'a Bump, env: Env<'a>, v: V) -> Env<'a> {
    |               ^^^^^^^

warning: function `env_ext_defs` is never used
   --> src\L09_mltt\bump_spine_iter.rs:379:15
    |
379 | pub(crate) fn env_ext_defs<'a>(
    |               ^^^^^^^^^^^^

warning: fields `name`, `icit`, `env`, and `body` are never read
   --> src\L09_mltt\bump_spine_iter.rs:408:5
    |
407 | pub(crate) struct CloCell<'a> {
    |                   ------- fields in this struct
408 |     name: &'a str,
    |     ^^^^
409 |     icit: Icit,
    |     ^^^^
410 |     env: Env<'a>,
    |     ^^^
411 |     body: &'a Tm<'a>,
    |     ^^^^

warning: fields `name`, `icit`, `dom`, `env`, and `body` are never read
   --> src\L09_mltt\bump_spine_iter.rs:416:5
    |
415 | pub(crate) struct PiCell<'a> {
    |                   ------ fields in this struct
416 |     name: &'a str,
    |     ^^^^
417 |     icit: Icit,
    |     ^^^^
418 |     dom: V,
    |     ^^^
419 |     env: Env<'a>,
    |     ^^^
420 |     body: &'a Tm<'a>,
    |     ^^^^

warning: constant `HK_OTHER` is never used
   --> src\L09_mltt\bump_spine_iter.rs:440:7
    |
440 | const HK_OTHER: u8 = 0;
    |       ^^^^^^^^

warning: constant `HK_FLEX` is never used
   --> src\L09_mltt\bump_spine_iter.rs:441:7
    |
441 | const HK_FLEX: u8 = 1;
    |       ^^^^^^^

warning: constant `HK_OBJ` is never used
   --> src\L09_mltt\bump_spine_iter.rs:442:7
    |
442 | const HK_OBJ: u8 = 2;
    |       ^^^^^^

warning: struct `Entry` is never constructed
   --> src\L09_mltt\bump_spine_iter.rs:446:8
    |
446 | struct Entry {
    |        ^^^^^

warning: struct `Spine` is never constructed
   --> src\L09_mltt\bump_spine_iter.rs:456:19
    |
456 | pub(crate) struct Spine {
    |                   ^^^^^

warning: methods `push`, `spine_head`, `collect_args`, `spine_len`, and `flex_of` are never used
   --> src\L09_mltt\bump_spine_iter.rs:464:8
    |
460 | impl Spine {
    | ---------- methods in this implementation
...
464 |     fn push(&mut self, f: V, a: V, icit: Icit) -> V {
    |        ^^^^
...
487 |     fn spine_head(&self, h: usize) -> V {
    |        ^^^^^^^^^^
...
501 |     fn collect_args(&self, h: usize, out: &mut Vec<(V, Icit)>) {
    |        ^^^^^^^^^^^^
...
516 |     fn spine_len(&self, h: usize) -> usize {
    |        ^^^^^^^^^
...
532 |     fn flex_of(&self, v: V, out: &mut Vec<(V, Icit)>) -> Option<u32> {
    |        ^^^^^^^

warning: function `is_flex` is never used
   --> src\L09_mltt\bump_spine_iter.rs:552:4
    |
552 | fn is_flex(spine: &Spine, v: V) -> bool {
    |    ^^^^^^^

warning: enum `MetaEntry` is never used
   --> src\L09_mltt\bump_spine_iter.rs:567:17
    |
567 | pub(crate) enum MetaEntry {
    |                 ^^^^^^^^^

warning: function `meta_val_of` is never used
   --> src\L09_mltt\bump_spine_iter.rs:574:4
    |
574 | fn meta_val_of(metas: &[MetaEntry], m: u32) -> V {
    |    ^^^^^^^^^^^

warning: function `lit_of` is never used
   --> src\L09_mltt\bump_spine_iter.rs:585:4
    |
585 | fn lit_of<'a>(v: V) -> Option<&'a str> {
    |    ^^^^^^

warning: function `project` is never used
   --> src\L09_mltt\bump_spine_iter.rs:598:4
    |
598 | fn project<'a>(v: V, name: &str) -> Option<V> {
    |    ^^^^^^^

warning: function `vapp1` is never used
   --> src\L09_mltt\bump_spine_iter.rs:626:4
    |
626 | fn vapp1<'a>(
    |    ^^^^^

warning: function `vapp_ok` is never used
   --> src\L09_mltt\bump_spine_iter.rs:664:4
    |
664 | fn vapp_ok(v: V) -> bool {
    |    ^^^^^^^

warning: function `force` is never used
   --> src\L09_mltt\bump_spine_iter.rs:685:4
    |
685 | fn force<'a>(
    |    ^^^^^

warning: function `eval_aux` is never used
   --> src\L09_mltt\bump_spine_iter.rs:746:4
    |
746 | fn eval_aux<'a>(
    |    ^^^^^^^^

warning: function `eval_aux_case` is never used
   --> src\L09_mltt\bump_spine_iter.rs:786:4
    |
786 | fn eval_aux_case<'a>(
    |    ^^^^^^^^^^^^^

warning: enum `W` is never used
   --> src\L09_mltt\bump_spine_iter.rs:840:6
    |
840 | enum W<'a> {
    |      ^

warning: function `eval_iter` is never used
   --> src\L09_mltt\bump_spine_iter.rs:884:4
    |
884 | fn eval_iter<'a>(
    |    ^^^^^^^^^

warning: enum `QJob` is never used
    --> src\L09_mltt\bump_spine_iter.rs:1273:6
     |
1273 | enum QJob<'a> {
     |      ^^^^

warning: type alias `QuoteMemo` is never used
    --> src\L09_mltt\bump_spine_iter.rs:1316:6
     |
1316 | type QuoteMemo<'a> = FxHashMap<(u64, u32), &'a Tm<'a>>;
     |      ^^^^^^^^^

warning: function `quote_iter` is never used
    --> src\L09_mltt\bump_spine_iter.rs:1321:4
     |
1321 | fn quote_iter<'a>(
     |    ^^^^^^^^^^

warning: static `NO_CONV_MEMO` is never used
    --> src\L09_mltt\bump_spine_iter.rs:1708:8
     |
1708 | static NO_CONV_MEMO: std::sync::LazyLock<std::sync::atomic::AtomicBool> =
     |        ^^^^^^^^^^^^

warning: struct `ConvScratch` is never constructed
    --> src\L09_mltt\bump_spine_iter.rs:1715:8
     |
1715 | struct ConvScratch {
     |        ^^^^^^^^^^^

warning: enum `UItem` is never used
    --> src\L09_mltt\bump_spine_iter.rs:1724:6
     |
1724 | enum UItem<'a> {
     |      ^^^^^

warning: function `is_objheaded` is never used
    --> src\L09_mltt\bump_spine_iter.rs:1762:4
     |
1762 | fn is_objheaded(spine: &Spine, v: V) -> bool {
     |    ^^^^^^^^^^^^

warning: function `intersect_bump` is never used
    --> src\L09_mltt\bump_spine_iter.rs:1775:4
     |
1775 | fn intersect_bump<'a>(
     |    ^^^^^^^^^^^^^^

warning: function `flex_flex_bump` is never used
    --> src\L09_mltt\bump_spine_iter.rs:1836:4
     |
1836 | fn flex_flex_bump<'a>(
     |    ^^^^^^^^^^^^^^

warning: function `unify_sp_lockstep` is never used
    --> src\L09_mltt\bump_spine_iter.rs:1876:4
     |
1876 | fn unify_sp_lockstep<'a>(
     |    ^^^^^^^^^^^^^^^^^

warning: function `rigid_lvl` is never used
    --> src\L09_mltt\bump_spine_iter.rs:1934:4
     |
1934 | fn rigid_lvl(spine: &Spine, v: V) -> Option<u32> {
     |    ^^^^^^^^^

warning: function `unify_iter` is never used
    --> src\L09_mltt\bump_spine_iter.rs:1963:4
     |
1963 | fn unify_iter<'a>(
     |    ^^^^^^^^^^

warning: struct `RenBuf` is never constructed
    --> src\L09_mltt\bump_spine_iter.rs:2463:8
     |
2463 | struct RenBuf {
     |        ^^^^^^

warning: constant `NONE_MARK` is never used
    --> src\L09_mltt\bump_spine_iter.rs:2471:7
     |
2471 | const NONE_MARK: u32 = u32::MAX;
     |       ^^^^^^^^^

warning: methods `reset`, `get`, `has_mark`, `set`, and `clone_valid` are never used
    --> src\L09_mltt\bump_spine_iter.rs:2476:8
     |
2473 | impl RenBuf {
     | ----------- methods in this implementation
...
2476 |     fn reset(&mut self) {
     |        ^^^^^
...
2481 |     fn get(&self, x: usize) -> Option<u32> {
     |        ^^^
...
2496 |     fn has_mark(&self, x: usize) -> bool {
     |        ^^^^^^^^
...
2500 |     fn set(&mut self, x: usize, v: u32) {
     |        ^^^
...
2513 |     fn clone_valid(&self) -> RenBuf {
     |        ^^^^^^^^^^^

warning: function `invert_bump` is never used
    --> src\L09_mltt\bump_spine_iter.rs:2536:4
     |
2536 | fn invert_bump<'a>(
     |    ^^^^^^^^^^^

warning: function `solve_with_pren_bump` is never used
    --> src\L09_mltt\bump_spine_iter.rs:2590:4
     |
2590 | fn solve_with_pren_bump<'a>(
     |    ^^^^^^^^^^^^^^^^^^^^

warning: function `solve_bump` is never used
    --> src\L09_mltt\bump_spine_iter.rs:2634:4
     |
2634 | fn solve_bump<'a>(
     |    ^^^^^^^^^^

warning: enum `RJob` is never used
    --> src\L09_mltt\bump_spine_iter.rs:2662:6
     |
2662 | enum RJob<'a> {
     |      ^^^^

warning: function `rename_iter` is never used
    --> src\L09_mltt\bump_spine_iter.rs:2683:4
     |
2683 | fn rename_iter<'a>(
     |    ^^^^^^^^^^^

warning: enum `SpinePruneStatus` is never used
    --> src\L09_mltt\bump_spine_iter.rs:2990:6
     |
2990 | enum SpinePruneStatus {
     |      ^^^^^^^^^^^^^^^^

warning: function `prune_vflex_bump` is never used
    --> src\L09_mltt\bump_spine_iter.rs:3000:4
     |
3000 | fn prune_vflex_bump<'a>(
     |    ^^^^^^^^^^^^^^^^

warning: function `prune_meta_bump` is never used
    --> src\L09_mltt\bump_spine_iter.rs:3066:4
     |
3066 | fn prune_meta_bump<'a>(
     |    ^^^^^^^^^^^^^^^

warning: function `prune_ty_bump` is never used
    --> src\L09_mltt\bump_spine_iter.rs:3108:4
     |
3108 | fn prune_ty_bump<'a>(
     |    ^^^^^^^^^^^^^

warning: function `alloc_xname` is never used
    --> src\L09_mltt\bump_spine_iter.rs:3164:4
     |
3164 | fn alloc_xname<'a>(bump: &'a Bump, n: u32) -> &'a str {
     |    ^^^^^^^^^^^

warning: function `lams_from_ty` is never used
    --> src\L09_mltt\bump_spine_iter.rs:3184:4
     |
3184 | fn lams_from_ty<'a>(
     |    ^^^^^^^^^^^^

warning: struct `Names` is never constructed
    --> src\L09_mltt\bump_spine_iter.rs:3236:8
     |
3236 | struct Names {
     |        ^^^^^

warning: struct `Machine` is never constructed
    --> src\L09_mltt\bump_spine_iter.rs:3249:19
     |
3249 | pub(crate) struct Machine {
     |                   ^^^^^^^

warning: multiple associated items are never used
    --> src\L09_mltt\bump_spine_iter.rs:3298:19
     |
3297 | impl Machine {
     | ------------ associated items in this implementation
3298 |     pub(crate) fn new() -> Self {
     |                   ^^^
...
3325 |     fn clear_round(&mut self) {
     |        ^^^^^^^^^^^
...
3338 |     fn bind_name<'a>(
     |        ^^^^^^^^^
...
3373 |     fn new_binder<'a>(
     |        ^^^^^^^^^^
...
3405 |     fn define_name<'a>(
     |        ^^^^^^^^^^^
...
3453 |     fn fake_bind<'a>(&mut self, cxt: &mut Cxt<'a>, x: &str, ty: V, global_idx: u32) -> Cxt<'a> {
     |        ^^^^^^^^^
...
3469 |     fn define_name_in<'a>(
     |        ^^^^^^^^^^^^^^
...
3517 |     fn fresh_meta<'a>(&mut self, bump: &'a Bump, cxt: &Cxt<'a>, a: V) -> &'a Tm<'a> {
     |        ^^^^^^^^^^
...
3535 |     fn close_tm<'a>(
     |        ^^^^^^^^
...
3554 |     fn eval_fresh(&mut self, bump: &Bump, env: Env, m: &Tm<'_>) -> V {
     |        ^^^^^^^^^^
...
3572 |     fn eval<'a>(&mut self, bump: &'a Bump, env: Env<'a>, tm: &'a Tm<'a>) -> V {
     |        ^^^^
...
3597 |     fn eval_neutral<'a>(&mut self, bump: &'a Bump, env: Env<'a>, tm: &'a Tm<'a>) -> V {
     |        ^^^^^^^^^^^^
...
3619 |     fn quote<'a>(&mut self, bump: &'a Bump, level: u32, v: V) -> &'a Tm<'a> {
     |        ^^^^^
...
3667 |     fn quote_memo<'a>(&mut self, bump: &'a Bump, level: u32, v: V) -> &'a Tm<'a> {
     |        ^^^^^^^^^^
...
3718 |     fn unify<'a>(&mut self, bump: &'a Bump, l: u32, t: V, u: V) -> bool {
     |        ^^^^^
...
3749 |     fn unify_catch(&mut self, bump: &Bump, cxt: &Cxt<'_>, t: V, t_prime: V) -> Result<(), Error> {
     |        ^^^^^^^^^^^
...
3766 |     fn force_v(&mut self, bump: &Bump, v: V) -> V {
     |        ^^^^^^^
...
3781 |     fn insert_go<'a>(
     |        ^^^^^^^^^
...
3805 |     fn insert_t<'a>(
     |        ^^^^^^^^
...
3816 |     fn insert<'a>(
     |        ^^^^^^
...
3831 |     fn insert_until_name<'a>(
     |        ^^^^^^^^^^^^^^^^^
...
3865 |     fn check<'a>(
     |        ^^^^^
...
3967 |     fn check_universe<'a>(
     |        ^^^^^^^^^^^^^^

warning: struct `TCons` is never constructed
    --> src\L09_mltt\bump_spine_iter.rs:4099:8
     |
4099 | struct TCons<'a> {
     |        ^^^^^

warning: struct `Cxt` is never constructed
    --> src\L09_mltt\bump_spine_iter.rs:4109:8
     |
4109 | struct Cxt<'a> {
     |        ^^^

warning: associated function `empty` is never used
    --> src\L09_mltt\bump_spine_iter.rs:4128:8
     |
4127 | impl<'a> Cxt<'a> {
     | ---------------- associated function in this implementation
4128 |     fn empty() -> Self {
     |        ^^^^^

warning: function `types_names_list` is never used
    --> src\L09_mltt\bump_spine_iter.rs:4143:4
     |
4143 | fn types_names_list(tys: Option<&TCons<'_>>) -> crate::list::List<String> {
     |    ^^^^^^^^^^^^^^^^

warning: function `has_free_var` is never used
    --> src\L09_mltt\bump_spine_iter.rs:4159:4
     |
4159 | fn has_free_var(t: &Tm<'_>) -> bool {
     |    ^^^^^^^^^^^^

warning: multiple methods are never used
    --> src\L09_mltt\bump_spine_iter.rs:4217:8
     |
4208 | impl Machine {
     | ------------ methods in this implementation
...
4217 |     fn unify_pm<'a>(
     |        ^^^^^^^^
...
4295 |     fn run_pure_probe<R>(&mut self, f: impl FnOnce(&mut Machine) -> R) -> R {
     |        ^^^^^^^^^^^^^^
...
4303 |     fn check_pm<'a>(
     |        ^^^^^^^^
...
4319 |     fn check_pm_final<'a>(
     |        ^^^^^^^^^^^^^^
...
4341 |     fn update_cxt<'a>(
     |        ^^^^^^^^^^
...
4409 |     fn refresh<'a>(
     |        ^^^^^^^
...
4456 |     fn infer_expr<'a>(
     |        ^^^^^^^^^^
...
4811 |     fn infer_decl<'a>(
     |        ^^^^^^^^^^

warning: function `t_span_of` is never used
    --> src\L09_mltt\bump_spine_iter.rs:4993:4
     |
4993 | fn t_span_of(t: &Raw) -> crate::parser_lib::Span<()> {
     |    ^^^^^^^^^

warning: function `v_u0` is never used
    --> src\L09_mltt\bump_spine_iter.rs:4998:4
     |
4998 | fn v_u0() -> V {
     |    ^^^^

warning: function `clone_cxt` is never used
    --> src\L09_mltt\bump_spine_iter.rs:5003:4
     |
5003 | fn clone_cxt<'a>(cxt: &Cxt<'a>) -> Cxt<'a> {
     |    ^^^^^^^^^

warning: function `neutral_of` is never used
    --> src\L09_mltt\bump_spine_iter.rs:5017:15
     |
5017 | pub(crate) fn neutral_of(globals: &[V]) -> Vec<V> {
     |               ^^^^^^^^^^

warning: function `remaining_flatten` is never used
    --> src\L09_mltt\bump_spine_iter.rs:5026:4
     |
5026 | fn remaining_flatten<'a>(remaining: &mut Vec<Option<Arm<'a>>>) -> Vec<Arm<'a>> {
     |    ^^^^^^^^^^^^^^^^^

warning: function `chain_env` is never used
    --> src\L09_mltt\bump_spine_iter.rs:5031:4
     |
5031 | fn chain_env<'a>(bump: &'a Bump, slots: &[V]) -> Env<'a> {
     |    ^^^^^^^^^

warning: enum `DeclOut` is never used
    --> src\L09_mltt\bump_spine_iter.rs:5045:6
     |
5045 | enum DeclOut<'a> {
     |      ^^^^^^^

warning: type alias `Var` is never used
    --> src\L09_mltt\bump_spine_iter.rs:5054:6
     |
5054 | type Var = i32;
     |      ^^^

warning: enum `Warning` is never used
    --> src\L09_mltt\bump_spine_iter.rs:5057:17
     |
5057 | pub(crate) enum Warning {
     |                 ^^^^^^^

warning: struct `PatConstructor` is never constructed
    --> src\L09_mltt\bump_spine_iter.rs:5063:8
     |
5063 | struct PatConstructor {
     |        ^^^^^^^^^^^^^^

warning: associated items `new`, `clean`, `push`, and `new_level` are never used
    --> src\L09_mltt\bump_spine_iter.rs:5068:8
     |
5067 | impl PatConstructor {
     | ------------------- associated items in this implementation
5068 |     fn new() -> Self {
     |        ^^^
...
5072 |     fn clean(mut self) -> Self {
     |        ^^^^^
...
5088 |     fn push(self, detail: PatternDetail) -> Self {
     |        ^^^^
...
5094 |     fn new_level(mut self, index: usize) -> Self {
     |        ^^^^^^^^^

warning: struct `MatchArm` is never constructed
    --> src\L09_mltt\bump_spine_iter.rs:5101:8
     |
5101 | struct MatchArm {
     |        ^^^^^^^^

warning: enum `MatchContext` is never used
    --> src\L09_mltt\bump_spine_iter.rs:5107:6
     |
5107 | enum MatchContext {
     |      ^^^^^^^^^^^^

warning: struct `Arm` is never constructed
    --> src\L09_mltt\bump_spine_iter.rs:5120:8
     |
5120 | struct Arm<'a> {
     |        ^^^

warning: struct `Compiler` is never constructed
    --> src\L09_mltt\bump_spine_iter.rs:5132:19
     |
5132 | pub(crate) struct Compiler<'a> {
     |                   ^^^^^^^^

warning: multiple associated items are never used
    --> src\L09_mltt\bump_spine_iter.rs:5142:8
     |
5141 | impl<'a> Compiler<'a> {
     | --------------------- associated items in this implementation
5142 |     fn new(ret_type: V) -> Self {
     |        ^^^
...
5153 |     fn fresh(&mut self) -> i32 {
     |        ^^^^^
...
5158 |     fn fill_context(ctx: &MatchContext, pat: &Pattern) -> Pattern {
     |        ^^^^^^^^^^^^
...
5177 |     fn next_hole(ctx: &MatchContext, pat: &Pattern) -> MatchContext {
     |        ^^^^^^^^^
...
5204 |     fn filter_accessible_constrs(
     |        ^^^^^^^^^^^^^^^^^^^^^^^^^
...
5215 |     fn filter_accessible_constrs_inner(
     |        ^^^^^^^^^^^^^^^^^^^^^^^^^^^^^^^
...
5277 |     fn compile(
     |        ^^^^^^^
...
5337 |     fn compile_aux(
     |        ^^^^^^^^^^^
...
5348 |     fn compile_aux_inner(
     |        ^^^^^^^^^^^^^^^^^

warning: function `dbg_span_str` is never used
    --> src\L09_mltt\bump_spine_iter.rs:5704:4
     |
5704 | fn dbg_span_str(s: &str) -> String {
     |    ^^^^^^^^^^^^

warning: function `dbg_span_unit` is never used
    --> src\L09_mltt\bump_spine_iter.rs:5708:4
     |
5708 | fn dbg_span_unit() -> String {
     |    ^^^^^^^^^^^^^

warning: function `strconv_quote` is never used
    --> src\L09_mltt\bump_spine_iter.rs:5714:4
     |
5714 | fn strconv_quote(s: &str) -> String {
     |    ^^^^^^^^^^^^^

warning: function `debug_val` is never used
    --> src\L09_mltt\bump_spine_iter.rs:5733:4
     |
5733 | fn debug_val(spine: &Spine, defs: &[V], v: V) -> String {
     |    ^^^^^^^^^

warning: function `debug_spine` is never used
    --> src\L09_mltt\bump_spine_iter.rs:5739:4
     |
5739 | fn debug_spine(spine: &Spine, defs: &[V], h: usize, out: &mut String) {
     |    ^^^^^^^^^^^

warning: function `debug_val_go` is never used
    --> src\L09_mltt\bump_spine_iter.rs:5758:4
     |
5758 | fn debug_val_go(spine: &Spine, defs: &[V], v: V, out: &mut String) {
     |    ^^^^^^^^^^^^

warning: function `debug_icit` is never used
    --> src\L09_mltt\bump_spine_iter.rs:5911:4
     |
5911 | fn debug_icit(i: Icit) -> &'static str {
     |    ^^^^^^^^^^

warning: function `debug_pat_go` is never used
    --> src\L09_mltt\bump_spine_iter.rs:5918:4
     |
5918 | fn debug_pat_go(p: &PatternDetail, out: &mut String) {
     |    ^^^^^^^^^^^^

warning: function `debug_tm` is never used
    --> src\L09_mltt\bump_spine_iter.rs:5940:4
     |
5940 | fn debug_tm(t: &Tm<'_>) -> String {
     |    ^^^^^^^^

warning: function `debug_tm_go` is never used
    --> src\L09_mltt\bump_spine_iter.rs:5946:4
     |
5946 | fn debug_tm_go(t: &Tm<'_>, out: &mut String) {
     |    ^^^^^^^^^^^

warning: function `export` is never used
    --> src\L09_mltt\bump_spine_iter.rs:6086:4
     |
6086 | fn export(t: &Tm<'_>) -> CTm {
     |    ^^^^^^

warning: function `tm_size` is never used
    --> src\L09_mltt\bump_spine_iter.rs:6248:4
     |
6248 | fn tm_size(t: &Tm<'_>) -> u64 {
     |    ^^^^^^^

warning: methods `prime_round` and `elab_all` are never used
    --> src\L09_mltt\bump_spine_iter.rs:6311:8
     |
6306 | impl Machine {
     | ------------ methods in this implementation
...
6311 |     fn prime_round<'a>(&mut self, bump: &'a Bump) -> Cxt<'a> {
     |        ^^^^^^^^^^^
...
6364 |     fn elab_all<'a>(
     |        ^^^^^^^^

warning: function `sc_lam_body` is never used
    --> src\L09_mltt\bump_spine_iter.rs:6389:4
     |
6389 | fn sc_lam_body<'a>(bump: &'a Bump) -> &'a Tm<'a> {
     |    ^^^^^^^^^^^

warning: function `sc_pi_cod` is never used
    --> src\L09_mltt\bump_spine_iter.rs:6394:4
     |
6394 | fn sc_pi_cod<'a>(bump: &'a Bump) -> &'a Tm<'a> {
     |    ^^^^^^^^^

warning: struct `Tycker` is never constructed
    --> src\L09_mltt\bump_spine_iter.rs:6405:19
     |
6405 | pub(crate) struct Tycker {
     |                   ^^^^^^

warning: multiple associated items are never used
    --> src\L09_mltt\bump_spine_iter.rs:6411:19
     |
6410 | impl Tycker {
     | ----------- associated items in this implementation
6411 |     pub(crate) fn new() -> Self {
     |                   ^^^
...
6423 |     pub(crate) fn run_decls(&mut self, ast: &[Decl]) -> Result<String, Error> {
     |                   ^^^^^^^^^
...
6446 |     pub(crate) fn run_input(&mut self, input: &str, path_id: u32) -> Result<String, Error> {
     |                   ^^^^^^^^^
...
6456 |     pub(crate) fn bench_check(&mut self, ast: &[Decl]) -> bool {
     |                   ^^^^^^^^^^^
...
6465 |     pub(crate) fn bench_check_nf(&mut self, ast: &[Decl]) -> u64 {
     |                   ^^^^^^^^^^^^^^
...
6470 |     pub(crate) fn bench_check_nf_memo(&mut self, ast: &[Decl]) -> u64 {
     |                   ^^^^^^^^^^^^^^^^^^^
...
6474 |     fn bench_nf_impl(&mut self, ast: &[Decl], use_memo: bool) -> u64 {
     |        ^^^^^^^^^^^^^

warning: function `run_fast` is never used
    --> src\L09_mltt\bump_spine_iter.rs:6495:15
     |
6495 | pub(crate) fn run_fast(input: &str, path_id: u32) -> Result<String, Error> {
     |               ^^^^^^^^

warning: function `parse` is never used
    --> src\L09_mltt\bump_spine_iter.rs:6502:15
     |
6502 | pub(crate) fn parse(input: &str, path_id: u32) -> Result<Vec<Decl>, String> {
     |               ^^^^^

warning: type alias `SourceDecl` is never used
    --> src\L09_mltt\bump_spine_iter.rs:6510:17
     |
6510 | pub(crate) type SourceDecl = Decl;
     |                 ^^^^^^^^^^

warning: function `church_src` is never used
    --> src\L09_mltt\bump_spine_iter.rs:6518:15
     |
6518 | pub(crate) fn church_src(k: u32) -> String {
     |               ^^^^^^^^^^

warning: function `strchain_src` is never used
    --> src\L09_mltt\bump_spine_iter.rs:6533:15
     |
6533 | pub(crate) fn strchain_src(k: u32) -> String {
     |               ^^^^^^^^^^^^

warning: function `match_src` is never used
    --> src\L09_mltt\bump_spine_iter.rs:6545:15
     |
6545 | pub(crate) fn match_src(k: u32) -> String {
     |               ^^^^^^^^^

warning: function `enum_src` is never used
    --> src\L09_mltt\bump_spine_iter.rs:6560:15
     |
6560 | pub(crate) fn enum_src() -> String {
     |               ^^^^^^^^

warning: function `struct_src` is never used
    --> src\L09_mltt\bump_spine_iter.rs:6619:15
     |
6619 | pub(crate) fn struct_src(k: u32) -> String {
     |               ^^^^^^^^^^

warning: field `1` is never read
  --> src\L10_typeclass\mod.rs:25:21
   |
25 |     Solved(Rc<Val>, Rc<VTy>),
   |     ------          ^^^^^^^
   |     |
   |     field in this variant
   |
   = note: `MetaEntry` has derived impls for the traits `Clone` and `Debug`, but these are intentionally ignored during dead code analysis
help: consider changing the field to be of unit type to suppress this warning while preserving the field numbering, or remove the field
   |
25 -     Solved(Rc<Val>, Rc<VTy>),
25 +     Solved(Rc<Val>, ()),
   |

warning: enum `BD` is never used
  --> src\L10_typeclass\mod.rs:33:6
   |
33 | enum BD {
   |      ^^

warning: fields `name`, `typ`, and `body` are never read
  --> src\L10_typeclass\mod.rs:41:9
   |
40 |     Def {
   |     --- fields in this variant
41 |         name: Span<String>,
   |         ^^^^
42 |         typ: Rc<Val>,
   |         ^^^
43 |         body: Rc<Val>,
   |         ^^^^
   |
   = note: `DeclTm` has derived impls for the traits `Debug` and `Clone`, but these are intentionally ignored during dead code analysis

warning: function `tm_size_ref` is never used
   --> src\L10_typeclass\mod.rs:605:4
    |
605 | fn tm_size_ref(t: &Tm) -> u64 {
    |    ^^^^^^^^^^^

warning: function `bench_check` is never used
   --> src\L10_typeclass\mod.rs:657:15
    |
657 | pub(crate) fn bench_check(decls: &[parser::syntax::Decl]) -> bool {
    |               ^^^^^^^^^^^

warning: function `bench_check_nf` is never used
   --> src\L10_typeclass\mod.rs:671:15
    |
671 | pub(crate) fn bench_check_nf(decls: &[parser::syntax::Decl]) -> u64 {
    |               ^^^^^^^^^^^^^^

warning: variant `ExpectDecl` is never constructed
  --> src\L10_typeclass\parser\mod.rs:41:5
   |
36 | pub enum BaseMsg {
   |          ------- variant in this enum
...
41 |     ExpectDecl,
   |     ^^^^^^^^^^
   |
   = note: `BaseMsg` has derived impls for the traits `Clone` and `Debug`, but these are intentionally ignored during dead code analysis

warning: variant `Custom` is never constructed
  --> src\L10_typeclass\parser\mod.rs:48:5
   |
45 | pub enum ErrMsg {
   |          ------ variant in this enum
...
48 |     Custom(String),
   |     ^^^^^^
   |
   = note: `ErrMsg` has derived impls for the traits `Clone` and `Debug`, but these are intentionally ignored during dead code analysis

warning: field `0` is never read
  --> src\L10_typeclass\pattern_match.rs:22:17
   |
22 |     Unreachable(Raw),
   |     ----------- ^^^
   |     |
   |     field in this variant
   |
   = note: `Warning` has derived impls for the traits `Clone` and `Debug`, but these are intentionally ignored during dead code analysis
help: consider changing the field to be of unit type to suppress this warning while preserving the field numbering, or remove the field
   |
22 -     Unreachable(Raw),
22 +     Unreachable(()),
   |

warning: field `0` is never read
  --> src\L10_typeclass\pattern_match.rs:23:15
   |
23 |     Unmatched(Pattern),
   |     --------- ^^^^^^^
   |     |
   |     field in this variant
   |
   = note: `Warning` has derived impls for the traits `Clone` and `Debug`, but these are intentionally ignored during dead code analysis
help: consider changing the field to be of unit type to suppress this warning while preserving the field numbering, or remove the field
   |
23 -     Unmatched(Pattern),
23 +     Unmatched(()),
   |

warning: variants `Fn` and `Trait` are never constructed
  --> src\L10_typeclass\typeclass.rs:14:5
   |
 9 | pub enum Typ {
   |          --- variants in this enum
...
14 |     Fn(Box<Typ>, Box<Typ>),
   |     ^^
15 |     Trait(Span<String>),
   |     ^^^^^
   |
   = note: `Typ` has derived impls for the traits `Debug` and `Clone`, but these are intentionally ignored during dead code analysis

warning: associated function `new` is never used
   --> src\L10_typeclass\typeclass.rs:157:12
    |
156 | impl Synth {
    | ---------- associated function in this implementation
157 |     pub fn new() -> Self {
    |            ^^^

warning: constant `GLOBAL_BASE` is never used
  --> src\L10_typeclass\bump_spine_iter.rs:84:7
   |
84 | const GLOBAL_BASE: u32 = 1919810;
   |       ^^^^^^^^^^^

warning: multiple variants are never constructed
   --> src\L10_typeclass\bump_spine_iter.rs:91:5
    |
 90 | pub(crate) enum Tm<'a> {
    |                 -- variants in this enum
 91 |     Var(u32),
    |     ^^^
 92 |     Lam(&'a str, Icit, &'a Tm<'a>),
    |     ^^^
 93 |     App(&'a Tm<'a>, &'a Tm<'a>, Icit),
    |     ^^^
...
 96 |     AppPruning(&'a Tm<'a>, Option<&'a PrCons<'a>>),
    |     ^^^^^^^^^^
 97 |     U(u32),
    |     ^
 98 |     Pi(&'a str, Icit, &'a Tm<'a>, &'a Tm<'a>),
    |     ^^
 99 |     Let(&'a str, &'a Tm<'a>, &'a Tm<'a>, &'a Tm<'a>),
    |     ^^^
100 |     Meta(u32),
    |     ^^^^
101 |     /// String 字面量的类型（`String`）。
102 |     LiteralType,
    |     ^^^^^^^^^^^
103 |     /// 字符串字面量（内容即值）。
104 |     LiteralIntro(&'a str),
    |     ^^^^^^^^^^^^
105 |     /// builtin 体标记（无名；求值时读 env 前两槽拼接或卡住）。
106 |     Prim,
    |     ^^^^
107 |     /// `x.field` 投影（参考版 `Tm::Obj`；字段名只服务 pretty/查表）。
108 |     Obj(&'a Tm<'a>, &'a str),
    |     ^^^
...
112 |     Sum(&'a str, &'a [SumParamT<'a>], &'a [&'a str], bool),
    |     ^^^
113 |     /// 构造子值：typ 求值后必须是其所属的（已实例化的）`Sum`。
114 |     SumCase {
    |     ^^^^^^^
...
121 |     Match(&'a Tm<'a>, &'a [(PatternDetail, &'a Tm<'a>)]),
    |     ^^^^^

warning: fields `name`, `val`, `ty`, and `icit` are never read
   --> src\L10_typeclass\bump_spine_iter.rs:126:16
    |
125 | pub(crate) struct SumParamT<'a> {
    |                   --------- fields in this struct
126 |     pub(crate) name: &'a str,
    |                ^^^^
127 |     pub(crate) val: &'a Tm<'a>,
    |                ^^^
128 |     pub(crate) ty: &'a Tm<'a>,
    |                ^^
129 |     pub(crate) icit: Icit,
    |                ^^^^

warning: fields `name`, `val`, and `icit` are never read
   --> src\L10_typeclass\bump_spine_iter.rs:134:16
    |
133 | pub(crate) struct SumDataT<'a> {
    |                   -------- fields in this struct
134 |     pub(crate) name: &'a str,
    |                ^^^^
135 |     pub(crate) val: &'a Tm<'a>,
    |                ^^^
136 |     pub(crate) icit: Icit,
    |                ^^^^

warning: fields `slot`, `none_run`, `after_run`, and `next` are never read
   --> src\L10_typeclass\bump_spine_iter.rs:143:5
    |
140 | pub(crate) struct PrCons<'a> {
    |                   ------ fields in this struct
...
143 |     slot: Option<Icit>,
    |     ^^^^
144 |     /// 本节点向外（next 方向）连续 `None`（define 槽）的个数；Some 槽为 0。
145 |     none_run: u32,
    |     ^^^^^^^^
146 |     /// 本 none-run 之后的第一个槽（Some 槽或链尾）——跳段的落点。
147 |     after_run: Option<&'a PrCons<'a>>,
    |     ^^^^^^^^^
148 |     next: Option<&'a PrCons<'a>>,
    |     ^^^^

warning: associated function `new` is never used
   --> src\L10_typeclass\bump_spine_iter.rs:153:8
    |
151 | impl<'a> PrCons<'a> {
    | ------------------- associated function in this implementation
152 |     /// 入链构造（新槽恒为链头，最内层）。run 统计只读既有节点。
153 |     fn new(slot: Option<Icit>, next: Option<&'a PrCons<'a>>) -> Self {
    |        ^^^

warning: struct `LCons` is never constructed
   --> src\L10_typeclass\bump_spine_iter.rs:170:8
    |
170 | struct LCons<'a> {
    |        ^^^^^

warning: field `0` is never read
   --> src\L10_typeclass\bump_spine_iter.rs:193:21
    |
193 | pub(crate) struct V(pub(crate) u64);
    |                   - ^^^^^^^^^^^^^^
    |                   |
    |                   field in this struct
    |
    = help: consider removing this field
    = note: `V` has a derived impl for the trait `Clone`, but this is intentionally ignored during dead code analysis

warning: function `v_lvl` is never used
   --> src\L10_typeclass\bump_spine_iter.rs:196:15
    |
196 | pub(crate) fn v_lvl(level: u32) -> V {
    |               ^^^^^

warning: function `v_clo` is never used
   --> src\L10_typeclass\bump_spine_iter.rs:200:15
    |
200 | pub(crate) fn v_clo<'a>(p: &'a CloCell<'a>) -> V {
    |               ^^^^^

warning: function `v_spine` is never used
   --> src\L10_typeclass\bump_spine_iter.rs:204:15
    |
204 | pub(crate) fn v_spine(idx: usize) -> V {
    |               ^^^^^^^

warning: function `v_u` is never used
   --> src\L10_typeclass\bump_spine_iter.rs:208:15
    |
208 | pub(crate) fn v_u(lvl: u32) -> V {
    |               ^^^

warning: function `v_pi` is never used
   --> src\L10_typeclass\bump_spine_iter.rs:212:15
    |
212 | pub(crate) fn v_pi<'a>(p: &'a PiCell<'a>) -> V {
    |               ^^^^

warning: function `v_meta` is never used
   --> src\L10_typeclass\bump_spine_iter.rs:216:15
    |
216 | pub(crate) fn v_meta(m: u32) -> V {
    |               ^^^^^^

warning: function `v_lit_ty` is never used
   --> src\L10_typeclass\bump_spine_iter.rs:221:15
    |
221 | pub(crate) fn v_lit_ty() -> V {
    |               ^^^^^^^^

warning: function `v_xcell` is never used
   --> src\L10_typeclass\bump_spine_iter.rs:225:15
    |
225 | pub(crate) fn v_xcell<'a>(p: &'a XCell<'a>) -> V {
    |               ^^^^^^^

warning: function `v_tag` is never used
   --> src\L10_typeclass\bump_spine_iter.rs:229:15
    |
229 | pub(crate) fn v_tag(v: V) -> u64 {
    |               ^^^^^

warning: function `v_lvl_of` is never used
   --> src\L10_typeclass\bump_spine_iter.rs:233:15
    |
233 | pub(crate) fn v_lvl_of(v: V) -> u32 {
    |               ^^^^^^^^

warning: function `v_clo_of` is never used
   --> src\L10_typeclass\bump_spine_iter.rs:237:15
    |
237 | pub(crate) fn v_clo_of<'a>(v: V) -> &'a CloCell<'a> {
    |               ^^^^^^^^

warning: function `v_spine_of` is never used
   --> src\L10_typeclass\bump_spine_iter.rs:245:15
    |
245 | pub(crate) fn v_spine_of(v: V) -> usize {
    |               ^^^^^^^^^^

warning: function `v_pi_of` is never used
   --> src\L10_typeclass\bump_spine_iter.rs:249:15
    |
249 | pub(crate) fn v_pi_of<'a>(v: V) -> &'a PiCell<'a> {
    |               ^^^^^^^

warning: function `v_meta_of` is never used
   --> src\L10_typeclass\bump_spine_iter.rs:256:15
    |
256 | pub(crate) fn v_meta_of(v: V) -> u32 {
    |               ^^^^^^^^^

warning: function `v_u_of` is never used
   --> src\L10_typeclass\bump_spine_iter.rs:261:15
    |
261 | pub(crate) fn v_u_of(v: V) -> u32 {
    |               ^^^^^^

warning: function `v_xcell_of` is never used
   --> src\L10_typeclass\bump_spine_iter.rs:266:15
    |
266 | pub(crate) fn v_xcell_of<'a>(v: V) -> &'a XCell<'a> {
    |               ^^^^^^^^^^

warning: fields `name`, `val`, `ty`, and `icit` are never read
   --> src\L10_typeclass\bump_spine_iter.rs:277:5
    |
276 | pub(crate) struct SumParamV<'a> {
    |                   --------- fields in this struct
277 |     name: &'a str,
    |     ^^^^
278 |     val: V,
    |     ^^^
279 |     ty: V,
    |     ^^
280 |     icit: Icit,
    |     ^^^^
    |
    = note: `SumParamV` has a derived impl for the trait `Clone`, but this is intentionally ignored during dead code analysis

warning: fields `name`, `val`, and `icit` are never read
   --> src\L10_typeclass\bump_spine_iter.rs:285:5
    |
284 | pub(crate) struct SumDataV<'a> {
    |                   -------- fields in this struct
285 |     name: &'a str,
    |     ^^^^
286 |     val: V,
    |     ^^^
287 |     icit: Icit,
    |     ^^^^

warning: variants `Lit`, `Prim`, `Obj`, `Sum`, `SumCase`, and `Match` are never constructed
   --> src\L10_typeclass\bump_spine_iter.rs:299:5
    |
298 | pub(crate) enum XCell<'a> {
    |                 ----- variants in this enum
299 |     Lit(&'a str),
    |     ^^^
300 |     /// builtin 体标记（无名；v_app 对它 panic，故永无 Prim 头的链）。
301 |     Prim,
    |     ^^^^
...
304 |     Obj { val: V, name: &'a str },
    |     ^^^
...
307 |     Sum {
    |     ^^^
...
314 |     SumCase {
    |     ^^^^^^^
...
323 |     Match {
    |     ^^^^^

warning: fields `flat_base`, `flat_len`, and `binds` are never read
   --> src\L10_typeclass\bump_spine_iter.rs:336:5
    |
335 | pub(crate) struct Env<'a> {
    |                   --- fields in this struct
336 |     flat_base: u32,
    |     ^^^^^^^^^
337 |     flat_len: u32,
    |     ^^^^^^^^
338 |     binds: Option<&'a EnvCons<'a>>,
    |     ^^^^^
    |
    = note: `Env` has a derived impl for the trait `Clone`, but this is intentionally ignored during dead code analysis

warning: constant `EMPTY_ENV` is never used
   --> src\L10_typeclass\bump_spine_iter.rs:341:7
    |
341 | const EMPTY_ENV: Env<'static> = Env {
    |       ^^^^^^^^^

warning: fields `val` and `next` are never read
   --> src\L10_typeclass\bump_spine_iter.rs:349:5
    |
348 | pub(crate) struct EnvCons<'a> {
    |                   ------- fields in this struct
349 |     val: V,
    |     ^^^
350 |     next: Option<&'a EnvCons<'a>>,
    |     ^^^^

warning: static `DN_TIP` is never used
   --> src\L10_typeclass\bump_spine_iter.rs:353:8
    |
353 | static DN_TIP: std::sync::atomic::AtomicU64 = std::sync::atomic::AtomicU64::new(0);
    |        ^^^^^^

warning: static `DN_FB` is never used
   --> src\L10_typeclass\bump_spine_iter.rs:354:8
    |
354 | static DN_FB: std::sync::atomic::AtomicU64 = std::sync::atomic::AtomicU64::new(0);
    |        ^^^^^

warning: function `env_nth` is never used
   --> src\L10_typeclass\bump_spine_iter.rs:358:15
    |
358 | pub(crate) fn env_nth(defs: &[V], env: Env<'_>, i: u32) -> V {
    |               ^^^^^^^

warning: function `env_len` is never used
   --> src\L10_typeclass\bump_spine_iter.rs:373:15
    |
373 | pub(crate) fn env_len(env: Env<'_>) -> u32 {
    |               ^^^^^^^

warning: function `env_collect` is never used
   --> src\L10_typeclass\bump_spine_iter.rs:387:15
    |
387 | pub(crate) fn env_collect(defs: &[V], env: Env<'_>, out: &mut Vec<V>) {
    |               ^^^^^^^^^^^

warning: function `env_ext` is never used
   --> src\L10_typeclass\bump_spine_iter.rs:400:15
    |
400 | pub(crate) fn env_ext<'a>(bump: &'a Bump, env: Env<'a>, v: V) -> Env<'a> {
    |               ^^^^^^^

warning: function `env_ext_defs` is never used
   --> src\L10_typeclass\bump_spine_iter.rs:414:15
    |
414 | pub(crate) fn env_ext_defs<'a>(
    |               ^^^^^^^^^^^^

warning: fields `name`, `icit`, `env`, and `body` are never read
   --> src\L10_typeclass\bump_spine_iter.rs:445:5
    |
444 | pub(crate) struct CloCell<'a> {
    |                   ------- fields in this struct
445 |     name: &'a str,
    |     ^^^^
446 |     icit: Icit,
    |     ^^^^
447 |     env: Env<'a>,
    |     ^^^
448 |     body: &'a Tm<'a>,
    |     ^^^^

warning: fields `name`, `icit`, `dom`, `env`, and `body` are never read
   --> src\L10_typeclass\bump_spine_iter.rs:455:5
    |
454 | pub(crate) struct PiCell<'a> {
    |                   ------ fields in this struct
455 |     name: &'a str,
    |     ^^^^
456 |     icit: Icit,
    |     ^^^^
457 |     dom: V,
    |     ^^^
458 |     env: Env<'a>,
    |     ^^^
459 |     body: &'a Tm<'a>,
    |     ^^^^

warning: constant `HK_OTHER` is never used
   --> src\L10_typeclass\bump_spine_iter.rs:477:7
    |
477 | const HK_OTHER: u8 = 0;
    |       ^^^^^^^^

warning: constant `HK_FLEX` is never used
   --> src\L10_typeclass\bump_spine_iter.rs:478:7
    |
478 | const HK_FLEX: u8 = 1;
    |       ^^^^^^^

warning: constant `HK_OBJ` is never used
   --> src\L10_typeclass\bump_spine_iter.rs:479:7
    |
479 | const HK_OBJ: u8 = 2;
    |       ^^^^^^

warning: struct `Entry` is never constructed
   --> src\L10_typeclass\bump_spine_iter.rs:483:8
    |
483 | struct Entry {
    |        ^^^^^

warning: struct `Spine` is never constructed
   --> src\L10_typeclass\bump_spine_iter.rs:493:19
    |
493 | pub(crate) struct Spine {
    |                   ^^^^^

warning: methods `push`, `spine_head`, `collect_args`, `spine_len`, and `flex_of` are never used
   --> src\L10_typeclass\bump_spine_iter.rs:501:8
    |
497 | impl Spine {
    | ---------- methods in this implementation
...
501 |     fn push(&mut self, f: V, a: V, icit: Icit) -> V {
    |        ^^^^
...
524 |     fn spine_head(&self, h: usize) -> V {
    |        ^^^^^^^^^^
...
538 |     fn collect_args(&self, h: usize, out: &mut Vec<(V, Icit)>) {
    |        ^^^^^^^^^^^^
...
553 |     fn spine_len(&self, h: usize) -> usize {
    |        ^^^^^^^^^
...
569 |     fn flex_of(&self, v: V, out: &mut Vec<(V, Icit)>) -> Option<u32> {
    |        ^^^^^^^

warning: function `is_flex` is never used
   --> src\L10_typeclass\bump_spine_iter.rs:589:4
    |
589 | fn is_flex(spine: &Spine, v: V) -> bool {
    |    ^^^^^^^

warning: enum `MetaEntry` is never used
   --> src\L10_typeclass\bump_spine_iter.rs:604:17
    |
604 | pub(crate) enum MetaEntry {
    |                 ^^^^^^^^^

warning: function `meta_val_of` is never used
   --> src\L10_typeclass\bump_spine_iter.rs:611:4
    |
611 | fn meta_val_of(metas: &[MetaEntry], m: u32) -> V {
    |    ^^^^^^^^^^^

warning: function `lit_of` is never used
   --> src\L10_typeclass\bump_spine_iter.rs:622:4
    |
622 | fn lit_of<'a>(v: V) -> Option<&'a str> {
    |    ^^^^^^

warning: function `project` is never used
   --> src\L10_typeclass\bump_spine_iter.rs:635:4
    |
635 | fn project<'a>(v: V, name: &str) -> Option<V> {
    |    ^^^^^^^

warning: function `vapp1` is never used
   --> src\L10_typeclass\bump_spine_iter.rs:663:4
    |
663 | fn vapp1<'a>(
    |    ^^^^^

warning: function `vapp_ok` is never used
   --> src\L10_typeclass\bump_spine_iter.rs:699:4
    |
699 | fn vapp_ok(v: V) -> bool {
    |    ^^^^^^^

warning: function `val_mentions_lvl_shallow` is never used
   --> src\L10_typeclass\bump_spine_iter.rs:727:4
    |
727 | fn val_mentions_lvl_shallow(
    |    ^^^^^^^^^^^^^^^^^^^^^^^^

warning: function `force` is never used
   --> src\L10_typeclass\bump_spine_iter.rs:775:4
    |
775 | fn force<'a>(
    |    ^^^^^

warning: function `eval_aux` is never used
   --> src\L10_typeclass\bump_spine_iter.rs:854:4
    |
854 | fn eval_aux<'a>(
    |    ^^^^^^^^

warning: function `eval_aux_case` is never used
   --> src\L10_typeclass\bump_spine_iter.rs:894:4
    |
894 | fn eval_aux_case<'a>(
    |    ^^^^^^^^^^^^^

warning: enum `W` is never used
   --> src\L10_typeclass\bump_spine_iter.rs:948:6
    |
948 | enum W<'a> {
    |      ^

warning: function `eval_iter` is never used
   --> src\L10_typeclass\bump_spine_iter.rs:995:4
    |
995 | fn eval_iter<'a>(
    |    ^^^^^^^^^

warning: enum `QJob` is never used
    --> src\L10_typeclass\bump_spine_iter.rs:1387:6
     |
1387 | enum QJob<'a> {
     |      ^^^^

warning: type alias `QuoteMemo` is never used
    --> src\L10_typeclass\bump_spine_iter.rs:1432:6
     |
1432 | type QuoteMemo<'a> = FxHashMap<(u64, u32), &'a Tm<'a>>;
     |      ^^^^^^^^^

warning: function `quote_iter` is never used
    --> src\L10_typeclass\bump_spine_iter.rs:1437:4
     |
1437 | fn quote_iter<'a>(
     |    ^^^^^^^^^^

warning: static `NO_CONV_MEMO` is never used
    --> src\L10_typeclass\bump_spine_iter.rs:1835:8
     |
1835 | static NO_CONV_MEMO: std::sync::LazyLock<std::sync::atomic::AtomicBool> =
     |        ^^^^^^^^^^^^

warning: struct `ConvScratch` is never constructed
    --> src\L10_typeclass\bump_spine_iter.rs:1842:8
     |
1842 | struct ConvScratch {
     |        ^^^^^^^^^^^

warning: enum `UItem` is never used
    --> src\L10_typeclass\bump_spine_iter.rs:1851:6
     |
1851 | enum UItem<'a> {
     |      ^^^^^

warning: function `is_objheaded` is never used
    --> src\L10_typeclass\bump_spine_iter.rs:1889:4
     |
1889 | fn is_objheaded(spine: &Spine, v: V) -> bool {
     |    ^^^^^^^^^^^^

warning: function `intersect_bump` is never used
    --> src\L10_typeclass\bump_spine_iter.rs:1902:4
     |
1902 | fn intersect_bump<'a>(
     |    ^^^^^^^^^^^^^^

warning: function `flex_flex_bump` is never used
    --> src\L10_typeclass\bump_spine_iter.rs:1966:4
     |
1966 | fn flex_flex_bump<'a>(
     |    ^^^^^^^^^^^^^^

warning: function `unify_sp_lockstep` is never used
    --> src\L10_typeclass\bump_spine_iter.rs:2007:4
     |
2007 | fn unify_sp_lockstep<'a>(
     |    ^^^^^^^^^^^^^^^^^

warning: function `rigid_lvl` is never used
    --> src\L10_typeclass\bump_spine_iter.rs:2066:4
     |
2066 | fn rigid_lvl(spine: &Spine, v: V) -> Option<u32> {
     |    ^^^^^^^^^

warning: function `unify_iter` is never used
    --> src\L10_typeclass\bump_spine_iter.rs:2095:4
     |
2095 | fn unify_iter<'a>(
     |    ^^^^^^^^^^

warning: struct `RenBuf` is never constructed
    --> src\L10_typeclass\bump_spine_iter.rs:2685:8
     |
2685 | struct RenBuf {
     |        ^^^^^^

warning: constant `NONE_MARK` is never used
    --> src\L10_typeclass\bump_spine_iter.rs:2693:7
     |
2693 | const NONE_MARK: u32 = u32::MAX;
     |       ^^^^^^^^^

warning: methods `reset`, `get`, `has_mark`, `set`, and `clone_valid` are never used
    --> src\L10_typeclass\bump_spine_iter.rs:2698:8
     |
2695 | impl RenBuf {
     | ----------- methods in this implementation
...
2698 |     fn reset(&mut self) {
     |        ^^^^^
...
2703 |     fn get(&self, x: usize) -> Option<u32> {
     |        ^^^
...
2718 |     fn has_mark(&self, x: usize) -> bool {
     |        ^^^^^^^^
...
2722 |     fn set(&mut self, x: usize, v: u32) {
     |        ^^^
...
2735 |     fn clone_valid(&self) -> RenBuf {
     |        ^^^^^^^^^^^

warning: function `invert_bump` is never used
    --> src\L10_typeclass\bump_spine_iter.rs:2758:4
     |
2758 | fn invert_bump<'a>(
     |    ^^^^^^^^^^^

warning: function `solve_with_pren_bump` is never used
    --> src\L10_typeclass\bump_spine_iter.rs:2812:4
     |
2812 | fn solve_with_pren_bump<'a>(
     |    ^^^^^^^^^^^^^^^^^^^^

warning: function `solve_bump` is never used
    --> src\L10_typeclass\bump_spine_iter.rs:2889:4
     |
2889 | fn solve_bump<'a>(
     |    ^^^^^^^^^^

warning: enum `RJob` is never used
    --> src\L10_typeclass\bump_spine_iter.rs:2918:6
     |
2918 | enum RJob<'a> {
     |      ^^^^

warning: function `rename_iter` is never used
    --> src\L10_typeclass\bump_spine_iter.rs:2939:4
     |
2939 | fn rename_iter<'a>(
     |    ^^^^^^^^^^^

warning: enum `SpinePruneStatus` is never used
    --> src\L10_typeclass\bump_spine_iter.rs:3251:6
     |
3251 | enum SpinePruneStatus {
     |      ^^^^^^^^^^^^^^^^

warning: function `prune_vflex_bump` is never used
    --> src\L10_typeclass\bump_spine_iter.rs:3261:4
     |
3261 | fn prune_vflex_bump<'a>(
     |    ^^^^^^^^^^^^^^^^

warning: function `prune_meta_bump` is never used
    --> src\L10_typeclass\bump_spine_iter.rs:3328:4
     |
3328 | fn prune_meta_bump<'a>(
     |    ^^^^^^^^^^^^^^^

warning: function `prune_ty_bump` is never used
    --> src\L10_typeclass\bump_spine_iter.rs:3375:4
     |
3375 | fn prune_ty_bump<'a>(
     |    ^^^^^^^^^^^^^

warning: function `alloc_xname` is never used
    --> src\L10_typeclass\bump_spine_iter.rs:3432:4
     |
3432 | fn alloc_xname<'a>(bump: &'a Bump, n: u32) -> &'a str {
     |    ^^^^^^^^^^^

warning: function `lams_from_ty` is never used
    --> src\L10_typeclass\bump_spine_iter.rs:3452:4
     |
3452 | fn lams_from_ty<'a>(
     |    ^^^^^^^^^^^^

warning: struct `Names` is never constructed
    --> src\L10_typeclass\bump_spine_iter.rs:4020:8
     |
4020 | struct Names {
     |        ^^^^^

warning: struct `Machine` is never constructed
    --> src\L10_typeclass\bump_spine_iter.rs:4033:19
     |
4033 | pub(crate) struct Machine {
     |                   ^^^^^^^

warning: multiple associated items are never used
    --> src\L10_typeclass\bump_spine_iter.rs:4096:19
     |
4095 | impl Machine {
     | ------------ associated items in this implementation
4096 |     pub(crate) fn new() -> Self {
     |                   ^^^
...
4126 |     fn clear_round(&mut self) {
     |        ^^^^^^^^^^^
...
4141 |     fn remove_unsolved(&mut self, m: u32) {
     |        ^^^^^^^^^^^^^^^
...
4151 |     fn bind_name<'a>(
     |        ^^^^^^^^^
...
4188 |     fn new_binder<'a>(
     |        ^^^^^^^^^^
...
4222 |     fn define_name<'a>(
     |        ^^^^^^^^^^^
...
4269 |     fn fake_bind<'a>(&mut self, cxt: &mut Cxt<'a>, x: &str, ty: V, global_idx: u32) -> Cxt<'a> {
     |        ^^^^^^^^^
...
4280 |     fn define_name_in<'a>(
     |        ^^^^^^^^^^^^^^
...
4334 |     fn fresh_meta<'a>(&mut self, bump: &'a Bump, cxt: &Cxt<'a>, a: V) -> &'a Tm<'a> {
     |        ^^^^^^^^^^
...
4414 |     fn close_tm_until<'a>(
     |        ^^^^^^^^^^^^^^
...
4435 |     fn eval_fresh(&mut self, bump: &Bump, env: Env, m: &Tm<'_>) -> V {
     |        ^^^^^^^^^^
...
4453 |     fn eval<'a>(&mut self, bump: &'a Bump, env: Env<'a>, tm: &'a Tm<'a>) -> V {
     |        ^^^^
...
4489 |     fn eval_neutral<'a>(&mut self, bump: &'a Bump, env: Env<'a>, tm: &'a Tm<'a>) -> V {
     |        ^^^^^^^^^^^^
...
4511 |     fn quote<'a>(&mut self, bump: &'a Bump, level: u32, v: V) -> &'a Tm<'a> {
     |        ^^^^^
...
4569 |     fn quote_memo<'a>(&mut self, bump: &'a Bump, level: u32, v: V) -> &'a Tm<'a> {
     |        ^^^^^^^^^^
...
4620 |     fn unify<'a>(
     |        ^^^^^
...
4712 |     fn solve_multi_trait_ref<'a>(
     |        ^^^^^^^^^^^^^^^^^^^^^
...
4766 |     fn solve_trait_ref<'a>(
     |        ^^^^^^^^^^^^^^^
...
4785 |     fn solve_trait_ref_inner<'a>(
     |        ^^^^^^^^^^^^^^^^^^^^^
...
4888 |     fn unify_catch<'a>(
     |        ^^^^^^^^^^^
...
4920 |     fn force_v(&mut self, bump: &Bump, v: V) -> V {
     |        ^^^^^^^
...
4943 |     fn insert_go<'a>(
     |        ^^^^^^^^^
...
4963 |     fn insert_go_inner<'a>(
     |        ^^^^^^^^^^^^^^^
...
4987 |     fn insert_t<'a>(
     |        ^^^^^^^^
...
4998 |     fn insert<'a>(
     |        ^^^^^^
...
5013 |     fn insert_until_name<'a>(
     |        ^^^^^^^^^^^^^^^^^
...
5047 |     fn check<'a>(
     |        ^^^^^
...
5151 |     fn check_universe<'a>(
     |        ^^^^^^^^^^^^^^
...
5170 |     fn check_universe_inner<'a>(
     |        ^^^^^^^^^^^^^^^^^^^^

warning: struct `TCons` is never constructed
    --> src\L10_typeclass\bump_spine_iter.rs:5307:8
     |
5307 | struct TCons<'a> {
     |        ^^^^^

warning: struct `Cxt` is never constructed
    --> src\L10_typeclass\bump_spine_iter.rs:5317:8
     |
5317 | struct Cxt<'a> {
     |        ^^^

warning: associated function `empty` is never used
    --> src\L10_typeclass\bump_spine_iter.rs:5338:8
     |
5337 | impl<'a> Cxt<'a> {
     | ---------------- associated function in this implementation
5338 |     fn empty() -> Self {
     |        ^^^^^

warning: function `types_names_list` is never used
    --> src\L10_typeclass\bump_spine_iter.rs:5354:4
     |
5354 | fn types_names_list(tys: Option<&TCons<'_>>) -> crate::list::List<String> {
     |    ^^^^^^^^^^^^^^^^

warning: function `has_free_var` is never used
    --> src\L10_typeclass\bump_spine_iter.rs:5370:4
     |
5370 | fn has_free_var(t: &Tm<'_>) -> bool {
     |    ^^^^^^^^^^^^

warning: multiple methods are never used
    --> src\L10_typeclass\bump_spine_iter.rs:5428:8
     |
5419 | impl Machine {
     | ------------ methods in this implementation
...
5428 |     fn unify_pm<'a>(
     |        ^^^^^^^^
...
5509 |     fn run_pure_probe<R>(&mut self, f: impl FnOnce(&mut Machine) -> R) -> R {
     |        ^^^^^^^^^^^^^^
...
5519 |     fn check_pm<'a>(
     |        ^^^^^^^^
...
5535 |     fn check_pm_final<'a>(
     |        ^^^^^^^^^^^^^^
...
5555 |     fn update_cxt<'a>(
     |        ^^^^^^^^^^
...
5569 |     fn update_cxt_impl<'a>(
     |        ^^^^^^^^^^^^^^^
...
5713 |     fn refresh_local<'a>(
     |        ^^^^^^^^^^^^^
...
5808 |     fn refresh<'a>(
     |        ^^^^^^^
...
5902 |     fn trait_wrap<'a>(
     |        ^^^^^^^^^^
...
6048 |     fn mk_no_object_err(
     |        ^^^^^^^^^^^^^^^^
...
6068 |     fn infer_expr<'a>(
     |        ^^^^^^^^^^
...
6096 |     fn infer_expr_inner<'a>(
     |        ^^^^^^^^^^^^^^^^
...
6429 |     fn infer_decl<'a>(
     |        ^^^^^^^^^^

warning: function `t_span_of` is never used
    --> src\L10_typeclass\bump_spine_iter.rs:6762:4
     |
6762 | fn t_span_of(t: &Raw) -> crate::parser_lib::Span<()> {
     |    ^^^^^^^^^

warning: function `v_u0` is never used
    --> src\L10_typeclass\bump_spine_iter.rs:6767:4
     |
6767 | fn v_u0() -> V {
     |    ^^^^

warning: function `clone_cxt` is never used
    --> src\L10_typeclass\bump_spine_iter.rs:6772:4
     |
6772 | fn clone_cxt<'a>(cxt: &Cxt<'a>) -> Cxt<'a> {
     |    ^^^^^^^^^

warning: function `neutral_of` is never used
    --> src\L10_typeclass\bump_spine_iter.rs:6787:15
     |
6787 | pub(crate) fn neutral_of(globals: &[V]) -> Vec<V> {
     |               ^^^^^^^^^^

warning: struct `TraitState` is never constructed
    --> src\L10_typeclass\bump_spine_iter.rs:6798:19
     |
6798 | pub(crate) struct TraitState {
     |                   ^^^^^^^^^^

warning: function `val_to_typ` is never used
    --> src\L10_typeclass\bump_spine_iter.rs:6810:15
     |
6810 | pub(crate) fn val_to_typ(spine: &Spine, defs: &[V], v: V) -> Option<Typ> {
     |               ^^^^^^^^^^

warning: function `remaining_flatten` is never used
    --> src\L10_typeclass\bump_spine_iter.rs:6871:4
     |
6871 | fn remaining_flatten<'a>(remaining: &mut Vec<Option<Arm<'a>>>) -> Vec<Arm<'a>> {
     |    ^^^^^^^^^^^^^^^^^

warning: function `chain_env` is never used
    --> src\L10_typeclass\bump_spine_iter.rs:6876:4
     |
6876 | fn chain_env<'a>(bump: &'a Bump, slots: &[V]) -> Env<'a> {
     |    ^^^^^^^^^

warning: enum `DeclOut` is never used
    --> src\L10_typeclass\bump_spine_iter.rs:6890:6
     |
6890 | enum DeclOut<'a> {
     |      ^^^^^^^

warning: type alias `Var` is never used
    --> src\L10_typeclass\bump_spine_iter.rs:6901:6
     |
6901 | type Var = i32;
     |      ^^^

warning: enum `Warning` is never used
    --> src\L10_typeclass\bump_spine_iter.rs:6904:17
     |
6904 | pub(crate) enum Warning {
     |                 ^^^^^^^

warning: struct `PatConstructor` is never constructed
    --> src\L10_typeclass\bump_spine_iter.rs:6910:8
     |
6910 | struct PatConstructor {
     |        ^^^^^^^^^^^^^^

warning: associated items `new`, `clean`, `push`, and `new_level` are never used
    --> src\L10_typeclass\bump_spine_iter.rs:6915:8
     |
6914 | impl PatConstructor {
     | ------------------- associated items in this implementation
6915 |     fn new() -> Self {
     |        ^^^
...
6919 |     fn clean(mut self) -> Self {
     |        ^^^^^
...
6935 |     fn push(self, detail: PatternDetail) -> Self {
     |        ^^^^
...
6941 |     fn new_level(mut self, index: usize) -> Self {
     |        ^^^^^^^^^

warning: struct `MatchArm` is never constructed
    --> src\L10_typeclass\bump_spine_iter.rs:6948:8
     |
6948 | struct MatchArm {
     |        ^^^^^^^^

warning: enum `MatchContext` is never used
    --> src\L10_typeclass\bump_spine_iter.rs:6954:6
     |
6954 | enum MatchContext {
     |      ^^^^^^^^^^^^

warning: struct `Arm` is never constructed
    --> src\L10_typeclass\bump_spine_iter.rs:6967:8
     |
6967 | struct Arm<'a> {
     |        ^^^

warning: struct `Compiler` is never constructed
    --> src\L10_typeclass\bump_spine_iter.rs:6979:19
     |
6979 | pub(crate) struct Compiler<'a> {
     |                   ^^^^^^^^

warning: multiple associated items are never used
    --> src\L10_typeclass\bump_spine_iter.rs:6989:8
     |
6988 | impl<'a> Compiler<'a> {
     | --------------------- associated items in this implementation
6989 |     fn new(ret_type: V) -> Self {
     |        ^^^
...
7000 |     fn fresh(&mut self) -> i32 {
     |        ^^^^^
...
7005 |     fn fill_context(ctx: &MatchContext, pat: &Pattern) -> Pattern {
     |        ^^^^^^^^^^^^
...
7024 |     fn next_hole(ctx: &MatchContext, pat: &Pattern) -> MatchContext {
     |        ^^^^^^^^^
...
7051 |     fn filter_accessible_constrs(
     |        ^^^^^^^^^^^^^^^^^^^^^^^^^
...
7062 |     fn filter_accessible_constrs_inner(
     |        ^^^^^^^^^^^^^^^^^^^^^^^^^^^^^^^
...
7124 |     fn compile(
     |        ^^^^^^^
...
7184 |     fn compile_aux(
     |        ^^^^^^^^^^^
...
7195 |     fn compile_aux_inner(
     |        ^^^^^^^^^^^^^^^^^

warning: function `dbg_span_str` is never used
    --> src\L10_typeclass\bump_spine_iter.rs:7625:4
     |
7625 | fn dbg_span_str(s: &str) -> String {
     |    ^^^^^^^^^^^^

warning: function `dbg_span_unit` is never used
    --> src\L10_typeclass\bump_spine_iter.rs:7629:4
     |
7629 | fn dbg_span_unit() -> String {
     |    ^^^^^^^^^^^^^

warning: function `strconv_quote` is never used
    --> src\L10_typeclass\bump_spine_iter.rs:7635:4
     |
7635 | fn strconv_quote(s: &str) -> String {
     |    ^^^^^^^^^^^^^

warning: function `debug_val` is never used
    --> src\L10_typeclass\bump_spine_iter.rs:7654:4
     |
7654 | fn debug_val(spine: &Spine, defs: &[V], v: V) -> String {
     |    ^^^^^^^^^

warning: function `debug_spine` is never used
    --> src\L10_typeclass\bump_spine_iter.rs:7660:4
     |
7660 | fn debug_spine(spine: &Spine, defs: &[V], h: usize, out: &mut String) {
     |    ^^^^^^^^^^^

warning: function `debug_val_go` is never used
    --> src\L10_typeclass\bump_spine_iter.rs:7679:4
     |
7679 | fn debug_val_go(spine: &Spine, defs: &[V], v: V, out: &mut String) {
     |    ^^^^^^^^^^^^

warning: function `debug_icit` is never used
    --> src\L10_typeclass\bump_spine_iter.rs:7833:4
     |
7833 | fn debug_icit(i: Icit) -> &'static str {
     |    ^^^^^^^^^^

warning: function `debug_pat_go` is never used
    --> src\L10_typeclass\bump_spine_iter.rs:7840:4
     |
7840 | fn debug_pat_go(p: &PatternDetail, out: &mut String) {
     |    ^^^^^^^^^^^^

warning: function `debug_tm` is never used
    --> src\L10_typeclass\bump_spine_iter.rs:7862:4
     |
7862 | fn debug_tm(t: &Tm<'_>) -> String {
     |    ^^^^^^^^

warning: function `debug_tm_go` is never used
    --> src\L10_typeclass\bump_spine_iter.rs:7868:4
     |
7868 | fn debug_tm_go(t: &Tm<'_>, out: &mut String) {
     |    ^^^^^^^^^^^

warning: function `export` is never used
    --> src\L10_typeclass\bump_spine_iter.rs:8008:4
     |
8008 | fn export(t: &Tm<'_>) -> CTm {
     |    ^^^^^^

warning: function `tm_size` is never used
    --> src\L10_typeclass\bump_spine_iter.rs:8194:4
     |
8194 | fn tm_size(t: &Tm<'_>) -> u64 {
     |    ^^^^^^^

warning: methods `prime_round` and `elab_all` are never used
    --> src\L10_typeclass\bump_spine_iter.rs:8257:8
     |
8252 | impl Machine {
     | ------------ methods in this implementation
...
8257 |     fn prime_round<'a>(&mut self, bump: &'a Bump) -> Cxt<'a> {
     |        ^^^^^^^^^^^
...
8310 |     fn elab_all<'a>(
     |        ^^^^^^^^

warning: function `sc_lam_body` is never used
    --> src\L10_typeclass\bump_spine_iter.rs:8336:4
     |
8336 | fn sc_lam_body<'a>(bump: &'a Bump) -> &'a Tm<'a> {
     |    ^^^^^^^^^^^

warning: function `sc_pi_cod` is never used
    --> src\L10_typeclass\bump_spine_iter.rs:8341:4
     |
8341 | fn sc_pi_cod<'a>(bump: &'a Bump) -> &'a Tm<'a> {
     |    ^^^^^^^^^

warning: struct `Tycker` is never constructed
    --> src\L10_typeclass\bump_spine_iter.rs:8352:19
     |
8352 | pub(crate) struct Tycker {
     |                   ^^^^^^

warning: multiple associated items are never used
    --> src\L10_typeclass\bump_spine_iter.rs:8358:19
     |
8357 | impl Tycker {
     | ----------- associated items in this implementation
8358 |     pub(crate) fn new() -> Self {
     |                   ^^^
...
8370 |     pub(crate) fn run_decls(&mut self, ast: &[Decl]) -> Result<String, Error> {
     |                   ^^^^^^^^^
...
8393 |     pub(crate) fn run_input(&mut self, input: &str, path_id: u32) -> Result<String, Error> {
     |                   ^^^^^^^^^
...
8403 |     pub(crate) fn bench_check(&mut self, ast: &[Decl]) -> bool {
     |                   ^^^^^^^^^^^
...
8412 |     pub(crate) fn bench_check_nf(&mut self, ast: &[Decl]) -> u64 {
     |                   ^^^^^^^^^^^^^^
...
8417 |     pub(crate) fn bench_check_nf_memo(&mut self, ast: &[Decl]) -> u64 {
     |                   ^^^^^^^^^^^^^^^^^^^
...
8421 |     fn bench_nf_impl(&mut self, ast: &[Decl], use_memo: bool) -> u64 {
     |        ^^^^^^^^^^^^^

warning: function `run_fast` is never used
    --> src\L10_typeclass\bump_spine_iter.rs:8442:15
     |
8442 | pub(crate) fn run_fast(input: &str, path_id: u32) -> Result<String, Error> {
     |               ^^^^^^^^

warning: function `parse` is never used
    --> src\L10_typeclass\bump_spine_iter.rs:8449:15
     |
8449 | pub(crate) fn parse(input: &str, path_id: u32) -> Result<Vec<Decl>, String> {
     |               ^^^^^

warning: type alias `SourceDecl` is never used
    --> src\L10_typeclass\bump_spine_iter.rs:8457:17
     |
8457 | pub(crate) type SourceDecl = Decl;
     |                 ^^^^^^^^^^

warning: function `church_src` is never used
    --> src\L10_typeclass\bump_spine_iter.rs:8465:15
     |
8465 | pub(crate) fn church_src(k: u32) -> String {
     |               ^^^^^^^^^^

warning: function `strchain_src` is never used
    --> src\L10_typeclass\bump_spine_iter.rs:8480:15
     |
8480 | pub(crate) fn strchain_src(k: u32) -> String {
     |               ^^^^^^^^^^^^

warning: function `match_src` is never used
    --> src\L10_typeclass\bump_spine_iter.rs:8492:15
     |
8492 | pub(crate) fn match_src(k: u32) -> String {
     |               ^^^^^^^^^

warning: function `enum_src` is never used
    --> src\L10_typeclass\bump_spine_iter.rs:8507:15
     |
8507 | pub(crate) fn enum_src() -> String {
     |               ^^^^^^^^

warning: function `struct_src` is never used
    --> src\L10_typeclass\bump_spine_iter.rs:8566:15
     |
8566 | pub(crate) fn struct_src(k: u32) -> String {
     |               ^^^^^^^^^^

warning: static `ON` is never used
    --> src\L10_typeclass\bump_spine_iter.rs:3540:16
     |
3540 |     pub static ON: LazyLock<bool> =
     |                ^^

warning: static `PRINTED` is never used
    --> src\L10_typeclass\bump_spine_iter.rs:3542:12
     |
3542 |     static PRINTED: AtomicBool = AtomicBool::new(false);
     |            ^^^^^^^

warning: struct `Cnt` is never constructed
    --> src\L10_typeclass\bump_spine_iter.rs:3545:16
     |
3545 |     pub struct Cnt {
     |                ^^^

warning: function `self_t0` is never used
    --> src\L10_typeclass\bump_spine_iter.rs:3649:12
     |
3649 |     pub fn self_t0(busy: &AtomicBool) -> Option<std::time::Instant> {
     |            ^^^^^^^

warning: function `self_end` is never used
    --> src\L10_typeclass\bump_spine_iter.rs:3658:12
     |
3658 |     pub fn self_end(busy: &AtomicBool, acc: &AtomicU64, t0: Option<std::time::Instant>) {
     |            ^^^^^^^^

warning: function `phase_end` is never used
    --> src\L10_typeclass\bump_spine_iter.rs:3667:12
     |
3667 |     pub fn phase_end(
     |            ^^^^^^^^^

warning: function `tw_phase_end` is never used
    --> src\L10_typeclass\bump_spine_iter.rs:3684:12
     |
3684 |     pub fn tw_phase_end(
     |            ^^^^^^^^^^^^

warning: static `C` is never used
    --> src\L10_typeclass\bump_spine_iter.rs:3710:16
     |
3710 |     pub static C: Cnt = Cnt {
     |                ^

warning: static `B_IE` is never used
    --> src\L10_typeclass\bump_spine_iter.rs:3810:16
     |
3810 |     pub static B_IE: AtomicBool = AtomicBool::new(false);
     |                ^^^^

warning: static `B_UN` is never used
    --> src\L10_typeclass\bump_spine_iter.rs:3811:16
     |
3811 |     pub static B_UN: AtomicBool = AtomicBool::new(false);
     |                ^^^^

warning: static `B_INS` is never used
    --> src\L10_typeclass\bump_spine_iter.rs:3812:16
     |
3812 |     pub static B_INS: AtomicBool = AtomicBool::new(false);
     |                ^^^^^

warning: static `B_CU` is never used
    --> src\L10_typeclass\bump_spine_iter.rs:3813:16
     |
3813 |     pub static B_CU: AtomicBool = AtomicBool::new(false);
     |                ^^^^

warning: static `B_STR` is never used
    --> src\L10_typeclass\bump_spine_iter.rs:3814:16
     |
3814 |     pub static B_STR: AtomicBool = AtomicBool::new(false);
     |                ^^^^^

warning: static `B_TW` is never used
    --> src\L10_typeclass\bump_spine_iter.rs:3815:16
     |
3815 |     pub static B_TW: AtomicBool = AtomicBool::new(false);
     |                ^^^^

warning: struct `TGuard` is never constructed
    --> src\L10_typeclass\bump_spine_iter.rs:3820:16
     |
3820 |     pub struct TGuard<'a> {
     |                ^^^^^^

warning: associated function `on` is never used
    --> src\L10_typeclass\bump_spine_iter.rs:3826:16
     |
3824 |     impl<'a> TGuard<'a> {
     |     ------------------- associated function in this implementation
3825 |         #[inline]
3826 |         pub fn on(slot: &'a AtomicU64) -> Self {
     |                ^^

warning: struct `ItemGuard` is never constructed
    --> src\L10_typeclass\bump_spine_iter.rs:3843:16
     |
3843 |     pub struct ItemGuard<'a> {
     |                ^^^^^^^^^

warning: associated function `on` is never used
    --> src\L10_typeclass\bump_spine_iter.rs:3850:16
     |
3848 |     impl<'a> ItemGuard<'a> {
     |     ---------------------- associated function in this implementation
3849 |         #[inline]
3850 |         pub fn on(sum: &'a AtomicU64, mx: &'a AtomicU64) -> Self {
     |                ^^

warning: function `on` is never used
    --> src\L10_typeclass\bump_spine_iter.rs:3870:12
     |
3870 |     pub fn on() -> bool {
     |            ^^

warning: function `dump` is never used
    --> src\L10_typeclass\bump_spine_iter.rs:3875:12
     |
3875 |     pub fn dump() {
     |            ^^^^

warning: type alias `ShowS` is never used
 --> src\L10_typeclass\pretty.rs:8:6
  |
8 | type ShowS = Box<dyn FnOnce(&mut String)>;
  |      ^^^^^

warning: field `1` is never read
  --> src\L11_macro\mod.rs:29:21
   |
29 |     Solved(Rc<Val>, Rc<VTy>),
   |     ------          ^^^^^^^
   |     |
   |     field in this variant
   |
   = note: `MetaEntry` has derived impls for the traits `Clone` and `Debug`, but these are intentionally ignored during dead code analysis
help: consider changing the field to be of unit type to suppress this warning while preserving the field numbering, or remove the field
   |
29 -     Solved(Rc<Val>, Rc<VTy>),
29 +     Solved(Rc<Val>, ()),
   |

warning: enum `BD` is never used
  --> src\L11_macro\mod.rs:37:6
   |
37 | enum BD {
   |      ^^

warning: fields `name`, `typ`, `body`, `typ_pretty`, and `body_pretty` are never read
  --> src\L11_macro\mod.rs:45:9
   |
44 |     Def {
   |     --- fields in this variant
45 |         name: Span<String>,
   |         ^^^^
46 |         typ: Rc<Val>,
   |         ^^^
47 |         body: Rc<Val>,
   |         ^^^^
48 |         typ_pretty: String,
   |         ^^^^^^^^^^
49 |         body_pretty: String,
   |         ^^^^^^^^^^^
   |
   = note: `DeclTm` has derived impls for the traits `Debug` and `Clone`, but these are intentionally ignored during dead code analysis

warning: fields `0` and `2` are never read
  --> src\L11_macro\mod.rs:51:13
   |
51 |     Println(Rc<Tm>, String, Span<()>),
   |     ------- ^^^^^^          ^^^^^^^^
   |     |
   |     fields in this variant
   |
   = note: `DeclTm` has derived impls for the traits `Debug` and `Clone`, but these are intentionally ignored during dead code analysis
help: consider changing the fields to be of unit type to suppress this warning while preserving the field numbering, or remove the fields
   |
51 -     Println(Rc<Tm>, String, Span<()>),
51 +     Println((), String, ()),
   |

warning: method `to_err` is never used
   --> src\L11_macro\mod.rs:234:12
    |
233 | impl IError {
    | ----------- method in this implementation
234 |     pub fn to_err(self) -> Error {
    |            ^^^^^^

warning: function `skip_until_inner` is never used
  --> src\L11_macro\parser\mod.rs:44:4
   |
44 | fn skip_until_inner<'a: 'b, 'b>(kind: TokenKind) -> impl Fn(&'b [TokenNode<'a>]) -> &'b [TokenNode<'a>] + Copy {
   |    ^^^^^^^^^^^^^^^^

warning: variant `ExpectDecl` is never constructed
  --> src\L11_macro\parser\mod.rs:81:5
   |
76 | pub enum BaseMsg {
   |          ------- variant in this enum
...
81 |     ExpectDecl,
   |     ^^^^^^^^^^
   |
   = note: `BaseMsg` has derived impls for the traits `Clone` and `Debug`, but these are intentionally ignored during dead code analysis

warning: type alias `OwnedTokenSlice` is never used
 --> src\L11_macro\parser\macros.rs:8:10
  |
8 | pub type OwnedTokenSlice = [Span<(String, TokenKind)>];
  |          ^^^^^^^^^^^^^^^

warning: enum `RepetitionOp` is never used
   --> src\L11_macro\parser\macros.rs:209:10
    |
209 | pub enum RepetitionOp {
    |          ^^^^^^^^^^^^

warning: type alias `Var` is never used
  --> src\L11_macro\pattern_match.rs:15:6
   |
15 | type Var = i32;
   |      ^^^

warning: field `0` is never read
  --> src\L11_macro\pattern_match.rs:21:17
   |
21 |     Unreachable(Raw),
   |     ----------- ^^^
   |     |
   |     field in this variant
   |
   = note: `Warning` has derived impls for the traits `Clone` and `Debug`, but these are intentionally ignored during dead code analysis
help: consider changing the field to be of unit type to suppress this warning while preserving the field numbering, or remove the field
   |
21 -     Unreachable(Raw),
21 +     Unreachable(()),
   |

warning: field `0` is never read
  --> src\L11_macro\pattern_match.rs:22:15
   |
22 |     Unmatched(Pattern),
   |     --------- ^^^^^^^
   |     |
   |     field in this variant
   |
   = note: `Warning` has derived impls for the traits `Clone` and `Debug`, but these are intentionally ignored during dead code analysis
help: consider changing the field to be of unit type to suppress this warning while preserving the field numbering, or remove the field
   |
22 -     Unmatched(Pattern),
22 +     Unmatched(()),
   |

warning: methods `update_at` and `update_by_cxt` are never used
  --> src\L11_macro\syntax.rs:15:12
   |
14 | impl Locals {
   | ----------- methods in this implementation
15 |     pub fn update_at(&self, x: usize, v: Rc<Tm>) -> Self {
   |            ^^^^^^^^^
...
32 |     pub fn update_by_cxt(&self, infer: &Infer, decl: &Decl, lvl: Lvl, cxt: &List<Rc<Val>>) -> Self {
   |            ^^^^^^^^^^^^^

warning: variants `Fn` and `Trait` are never constructed
  --> src\L11_macro\typeclass.rs:14:5
   |
 9 | pub enum Typ {
   |          --- variants in this enum
...
14 |     Fn(Box<Typ>, Box<Typ>),
   |     ^^
15 |     Trait(Span<String>),
   |     ^^^^^
   |
   = note: `Typ` has derived impls for the traits `Debug` and `Clone`, but these are intentionally ignored during dead code analysis

warning: associated function `new` is never used
   --> src\L11_macro\typeclass.rs:139:12
    |
138 | impl Synth {
    | ---------- associated function in this implementation
139 |     pub fn new() -> Self {
    |            ^^^

warning: variants `StringConcat`, `StringToGlobalType`, `CreateGlobal`, `ChangeMutable`, and `GetGlobal` are never constructed
  --> src\L11_macro\bump_spine_iter.rs:84:5
   |
82 | enum PrimId {
   |      ------ variants in this enum
83 |     /// `string_concat`：λ 链体，求值时读 env 前两槽拼接。
84 |     StringConcat,
   |     ^^^^^^^^^^^^
85 |     /// `string_to_global_type`：字符串 → decl 表动态引用。
86 |     StringToGlobalType,
   |     ^^^^^^^^^^^^^^^^^^
87 |     /// `create_global`：写 mutable_map。
88 |     CreateGlobal,
   |     ^^^^^^^^^^^^
89 |     /// `change_mutable`：读改写 mutable_map（v_app 应用到旧值）。
90 |     ChangeMutable,
   |     ^^^^^^^^^^^^^
91 |     /// `get_global`：读 mutable_map（缺名 panic——参考版 unwrap 同款）。
92 |     GetGlobal,
   |     ^^^^^^^^^
   |
   = note: `PrimId` has derived impls for the traits `Debug` and `Clone`, but these are intentionally ignored during dead code analysis

warning: multiple variants are never constructed
   --> src\L11_macro\bump_spine_iter.rs:100:5
    |
 99 | pub(crate) enum Tm<'a> {
    |                 -- variants in this enum
100 |     Var(u32),
    |     ^^^
...
103 |     Decl(&'a str),
    |     ^^^^
104 |     Lam(&'a str, Icit, &'a Tm<'a>),
    |     ^^^
105 |     App(&'a Tm<'a>, &'a Tm<'a>, Icit),
    |     ^^^
...
108 |     AppPruning(&'a Tm<'a>, Option<&'a PrCons<'a>>),
    |     ^^^^^^^^^^
109 |     U(u32),
    |     ^
110 |     Pi(&'a str, Icit, &'a Tm<'a>, &'a Tm<'a>),
    |     ^^
111 |     Let(&'a str, &'a Tm<'a>, &'a Tm<'a>, &'a Tm<'a>),
    |     ^^^
112 |     Meta(u32),
    |     ^^^^
113 |     /// String 字面量的类型（`String`）。
114 |     LiteralType,
    |     ^^^^^^^^^^^
115 |     /// 字符串字面量（内容即值）。
116 |     LiteralIntro(&'a str),
    |     ^^^^^^^^^^^^
...
120 |     Prim(V, PrimId),
    |     ^^^^
121 |     /// `x.field` 投影（参考版 `Tm::Obj`；字段名只服务 pretty/查表）。
122 |     Obj(&'a Tm<'a>, &'a str),
    |     ^^^
...
126 |     Sum(&'a str, &'a [SumParamT<'a>], &'a [&'a str], bool),
    |     ^^^
127 |     /// 构造子值：typ 求值后必须是其所属的（已实例化的）`Sum`。
128 |     SumCase {
    |     ^^^^^^^
...
135 |     Match(&'a Tm<'a>, &'a [(PatternDetail, &'a Tm<'a>)]),
    |     ^^^^^

warning: fields `name`, `val`, `ty`, and `icit` are never read
   --> src\L11_macro\bump_spine_iter.rs:140:16
    |
139 | pub(crate) struct SumParamT<'a> {
    |                   --------- fields in this struct
140 |     pub(crate) name: &'a str,
    |                ^^^^
141 |     pub(crate) val: &'a Tm<'a>,
    |                ^^^
142 |     pub(crate) ty: &'a Tm<'a>,
    |                ^^
143 |     pub(crate) icit: Icit,
    |                ^^^^

warning: fields `name`, `val`, and `icit` are never read
   --> src\L11_macro\bump_spine_iter.rs:148:16
    |
147 | pub(crate) struct SumDataT<'a> {
    |                   -------- fields in this struct
148 |     pub(crate) name: &'a str,
    |                ^^^^
149 |     pub(crate) val: &'a Tm<'a>,
    |                ^^^
150 |     pub(crate) icit: Icit,
    |                ^^^^

warning: fields `slot`, `none_run`, `after_run`, and `next` are never read
   --> src\L11_macro\bump_spine_iter.rs:157:5
    |
154 | pub(crate) struct PrCons<'a> {
    |                   ------ fields in this struct
...
157 |     slot: Option<Icit>,
    |     ^^^^
158 |     /// 本节点向外（next 方向）连续 `None`（define 槽）的个数；Some 槽为 0。
159 |     none_run: u32,
    |     ^^^^^^^^
160 |     /// 本 none-run 之后的第一个槽（Some 槽或链尾）——跳段的落点。
161 |     after_run: Option<&'a PrCons<'a>>,
    |     ^^^^^^^^^
162 |     next: Option<&'a PrCons<'a>>,
    |     ^^^^

warning: associated function `new` is never used
   --> src\L11_macro\bump_spine_iter.rs:167:8
    |
165 | impl<'a> PrCons<'a> {
    | ------------------- associated function in this implementation
166 |     /// 入链构造（新槽恒为链头，最内层）。run 统计只读既有节点。
167 |     fn new(slot: Option<Icit>, next: Option<&'a PrCons<'a>>) -> Self {
    |        ^^^

warning: struct `LCons` is never constructed
   --> src\L11_macro\bump_spine_iter.rs:184:8
    |
184 | struct LCons<'a> {
    |        ^^^^^

warning: field `0` is never read
   --> src\L11_macro\bump_spine_iter.rs:202:21
    |
202 | pub(crate) struct V(pub(crate) u64);
    |                   - ^^^^^^^^^^^^^^
    |                   |
    |                   field in this struct
    |
    = help: consider removing this field
    = note: `V` has a derived impl for the trait `Clone`, but this is intentionally ignored during dead code analysis

warning: function `v_lvl` is never used
   --> src\L11_macro\bump_spine_iter.rs:205:15
    |
205 | pub(crate) fn v_lvl(level: u32) -> V {
    |               ^^^^^

warning: function `v_clo` is never used
   --> src\L11_macro\bump_spine_iter.rs:209:15
    |
209 | pub(crate) fn v_clo<'a>(p: &'a CloCell<'a>) -> V {
    |               ^^^^^

warning: function `v_spine` is never used
   --> src\L11_macro\bump_spine_iter.rs:213:15
    |
213 | pub(crate) fn v_spine(idx: usize) -> V {
    |               ^^^^^^^

warning: function `v_u` is never used
   --> src\L11_macro\bump_spine_iter.rs:217:15
    |
217 | pub(crate) fn v_u(lvl: u32) -> V {
    |               ^^^

warning: function `v_pi` is never used
   --> src\L11_macro\bump_spine_iter.rs:221:15
    |
221 | pub(crate) fn v_pi<'a>(p: &'a PiCell<'a>) -> V {
    |               ^^^^

warning: function `v_meta` is never used
   --> src\L11_macro\bump_spine_iter.rs:225:15
    |
225 | pub(crate) fn v_meta(m: u32) -> V {
    |               ^^^^^^

warning: function `v_lit_ty` is never used
   --> src\L11_macro\bump_spine_iter.rs:230:15
    |
230 | pub(crate) fn v_lit_ty() -> V {
    |               ^^^^^^^^

warning: function `v_xcell` is never used
   --> src\L11_macro\bump_spine_iter.rs:234:15
    |
234 | pub(crate) fn v_xcell<'a>(p: &'a XCell<'a>) -> V {
    |               ^^^^^^^

warning: function `v_tag` is never used
   --> src\L11_macro\bump_spine_iter.rs:238:15
    |
238 | pub(crate) fn v_tag(v: V) -> u64 {
    |               ^^^^^

warning: function `v_lvl_of` is never used
   --> src\L11_macro\bump_spine_iter.rs:242:15
    |
242 | pub(crate) fn v_lvl_of(v: V) -> u32 {
    |               ^^^^^^^^

warning: function `v_clo_of` is never used
   --> src\L11_macro\bump_spine_iter.rs:246:15
    |
246 | pub(crate) fn v_clo_of<'a>(v: V) -> &'a CloCell<'a> {
    |               ^^^^^^^^

warning: function `v_spine_of` is never used
   --> src\L11_macro\bump_spine_iter.rs:253:15
    |
253 | pub(crate) fn v_spine_of(v: V) -> usize {
    |               ^^^^^^^^^^

warning: function `v_pi_of` is never used
   --> src\L11_macro\bump_spine_iter.rs:257:15
    |
257 | pub(crate) fn v_pi_of<'a>(v: V) -> &'a PiCell<'a> {
    |               ^^^^^^^

warning: function `v_meta_of` is never used
   --> src\L11_macro\bump_spine_iter.rs:263:15
    |
263 | pub(crate) fn v_meta_of(v: V) -> u32 {
    |               ^^^^^^^^^

warning: function `v_u_of` is never used
   --> src\L11_macro\bump_spine_iter.rs:268:15
    |
268 | pub(crate) fn v_u_of(v: V) -> u32 {
    |               ^^^^^^

warning: function `v_xcell_of` is never used
   --> src\L11_macro\bump_spine_iter.rs:273:15
    |
273 | pub(crate) fn v_xcell_of<'a>(v: V) -> &'a XCell<'a> {
    |               ^^^^^^^^^^

warning: fields `name`, `val`, `ty`, and `icit` are never read
   --> src\L11_macro\bump_spine_iter.rs:282:5
    |
281 | pub(crate) struct SumParamV<'a> {
    |                   --------- fields in this struct
282 |     name: &'a str,
    |     ^^^^
283 |     val: V,
    |     ^^^
284 |     ty: V,
    |     ^^
285 |     icit: Icit,
    |     ^^^^
    |
    = note: `SumParamV` has a derived impl for the trait `Clone`, but this is intentionally ignored during dead code analysis

warning: fields `name`, `val`, and `icit` are never read
   --> src\L11_macro\bump_spine_iter.rs:290:5
    |
289 | pub(crate) struct SumDataV<'a> {
    |                   -------- fields in this struct
290 |     name: &'a str,
    |     ^^^^
291 |     val: V,
    |     ^^^
292 |     icit: Icit,
    |     ^^^^

warning: multiple variants are never constructed
   --> src\L11_macro\bump_spine_iter.rs:305:5
    |
304 | pub(crate) enum XCell<'a> {
    |                 ----- variants in this enum
305 |     Lit(&'a str),
    |     ^^^
...
309 |     Decl { name: &'a str },
    |     ^^^^
...
312 |     Prim { typ: V, pid: PrimId },
    |     ^^^^
...
315 |     Obj { val: V, name: &'a str },
    |     ^^^
...
318 |     Sum {
    |     ^^^
...
325 |     SumCase {
    |     ^^^^^^^
...
334 |     Match {
    |     ^^^^^

warning: struct `DeclEntry` is never constructed
   --> src\L11_macro\bump_spine_iter.rs:344:19
    |
344 | pub(crate) struct DeclEntry<'a> {
    |                   ^^^^^^^^^

warning: type alias `Decls` is never used
   --> src\L11_macro\bump_spine_iter.rs:356:17
    |
356 | pub(crate) type Decls<'a> = FxHashMap<SmolStr, DeclEntry<'a>>;
    |                 ^^^^^

warning: fields `flat_base`, `flat_len`, and `binds` are never read
   --> src\L11_macro\bump_spine_iter.rs:364:5
    |
363 | pub(crate) struct Env<'a> {
    |                   --- fields in this struct
364 |     flat_base: u32,
    |     ^^^^^^^^^
365 |     flat_len: u32,
    |     ^^^^^^^^
366 |     binds: Option<&'a EnvCons<'a>>,
    |     ^^^^^
    |
    = note: `Env` has a derived impl for the trait `Clone`, but this is intentionally ignored during dead code analysis

warning: constant `EMPTY_ENV` is never used
   --> src\L11_macro\bump_spine_iter.rs:369:7
    |
369 | const EMPTY_ENV: Env<'static> = Env {
    |       ^^^^^^^^^

warning: fields `val` and `next` are never read
   --> src\L11_macro\bump_spine_iter.rs:377:5
    |
376 | pub(crate) struct EnvCons<'a> {
    |                   ------- fields in this struct
377 |     val: V,
    |     ^^^
378 |     next: Option<&'a EnvCons<'a>>,
    |     ^^^^

warning: function `env_nth` is never used
   --> src\L11_macro\bump_spine_iter.rs:383:15
    |
383 | pub(crate) fn env_nth(defs: &[V], env: Env<'_>, i: u32) -> V {
    |               ^^^^^^^

warning: function `env_len` is never used
   --> src\L11_macro\bump_spine_iter.rs:398:15
    |
398 | pub(crate) fn env_len(env: Env<'_>) -> u32 {
    |               ^^^^^^^

warning: function `env_collect` is never used
   --> src\L11_macro\bump_spine_iter.rs:412:15
    |
412 | pub(crate) fn env_collect(defs: &[V], env: Env<'_>, out: &mut Vec<V>) {
    |               ^^^^^^^^^^^

warning: function `env_ext` is never used
   --> src\L11_macro\bump_spine_iter.rs:425:15
    |
425 | pub(crate) fn env_ext<'a>(bump: &'a Bump, env: Env<'a>, v: V) -> Env<'a> {
    |               ^^^^^^^

warning: function `env_ext_defs` is never used
   --> src\L11_macro\bump_spine_iter.rs:439:15
    |
439 | pub(crate) fn env_ext_defs<'a>(
    |               ^^^^^^^^^^^^

warning: fields `name`, `icit`, `env`, and `body` are never read
   --> src\L11_macro\bump_spine_iter.rs:464:5
    |
463 | pub(crate) struct CloCell<'a> {
    |                   ------- fields in this struct
464 |     name: &'a str,
    |     ^^^^
465 |     icit: Icit,
    |     ^^^^
466 |     env: Env<'a>,
    |     ^^^
467 |     body: &'a Tm<'a>,
    |     ^^^^

warning: fields `name`, `icit`, `dom`, `env`, and `body` are never read
   --> src\L11_macro\bump_spine_iter.rs:472:5
    |
471 | pub(crate) struct PiCell<'a> {
    |                   ------ fields in this struct
472 |     name: &'a str,
    |     ^^^^
473 |     icit: Icit,
    |     ^^^^
474 |     dom: V,
    |     ^^^
475 |     env: Env<'a>,
    |     ^^^
476 |     body: &'a Tm<'a>,
    |     ^^^^

warning: constant `HK_OTHER` is never used
   --> src\L11_macro\bump_spine_iter.rs:497:7
    |
497 | const HK_OTHER: u8 = 0;
    |       ^^^^^^^^

warning: constant `HK_FLEX` is never used
   --> src\L11_macro\bump_spine_iter.rs:498:7
    |
498 | const HK_FLEX: u8 = 1;
    |       ^^^^^^^

warning: constant `HK_OBJ` is never used
   --> src\L11_macro\bump_spine_iter.rs:499:7
    |
499 | const HK_OBJ: u8 = 2;
    |       ^^^^^^

warning: struct `Entry` is never constructed
   --> src\L11_macro\bump_spine_iter.rs:503:8
    |
503 | struct Entry {
    |        ^^^^^

warning: struct `Spine` is never constructed
   --> src\L11_macro\bump_spine_iter.rs:513:19
    |
513 | pub(crate) struct Spine {
    |                   ^^^^^

warning: methods `push`, `spine_head`, `collect_args`, `spine_len`, and `flex_of` are never used
   --> src\L11_macro\bump_spine_iter.rs:521:8
    |
517 | impl Spine {
    | ---------- methods in this implementation
...
521 |     fn push(&mut self, f: V, a: V, icit: Icit) -> V {
    |        ^^^^
...
544 |     fn spine_head(&self, h: usize) -> V {
    |        ^^^^^^^^^^
...
558 |     fn collect_args(&self, h: usize, out: &mut Vec<(V, Icit)>) {
    |        ^^^^^^^^^^^^
...
573 |     fn spine_len(&self, h: usize) -> usize {
    |        ^^^^^^^^^
...
589 |     fn flex_of(&self, v: V, out: &mut Vec<(V, Icit)>) -> Option<u32> {
    |        ^^^^^^^

warning: function `is_flex` is never used
   --> src\L11_macro\bump_spine_iter.rs:609:4
    |
609 | fn is_flex(spine: &Spine, v: V) -> bool {
    |    ^^^^^^^

warning: enum `MetaEntry` is never used
   --> src\L11_macro\bump_spine_iter.rs:624:17
    |
624 | pub(crate) enum MetaEntry {
    |                 ^^^^^^^^^

warning: function `meta_val_of` is never used
   --> src\L11_macro\bump_spine_iter.rs:631:4
    |
631 | fn meta_val_of(metas: &[MetaEntry], m: u32) -> V {
    |    ^^^^^^^^^^^

warning: function `lit_of` is never used
   --> src\L11_macro\bump_spine_iter.rs:642:4
    |
642 | fn lit_of<'a>(v: V) -> Option<&'a str> {
    |    ^^^^^^

warning: function `project` is never used
   --> src\L11_macro\bump_spine_iter.rs:655:4
    |
655 | fn project<'a>(v: V, name: &str) -> Option<V> {
    |    ^^^^^^^

warning: function `vapp1` is never used
   --> src\L11_macro\bump_spine_iter.rs:684:4
    |
684 | fn vapp1<'a>(
    |    ^^^^^

warning: function `vapp_ok` is never used
   --> src\L11_macro\bump_spine_iter.rs:721:4
    |
721 | fn vapp_ok(v: V) -> bool {
    |    ^^^^^^^

warning: function `force` is never used
   --> src\L11_macro\bump_spine_iter.rs:743:4
    |
743 | fn force<'a>(
    |    ^^^^^

warning: function `eval_aux` is never used
   --> src\L11_macro\bump_spine_iter.rs:822:4
    |
822 | fn eval_aux<'a>(
    |    ^^^^^^^^

warning: function `eval_aux_case` is never used
   --> src\L11_macro\bump_spine_iter.rs:864:4
    |
864 | fn eval_aux_case<'a>(
    |    ^^^^^^^^^^^^^

warning: enum `W` is never used
   --> src\L11_macro\bump_spine_iter.rs:919:6
    |
919 | enum W<'a> {
    |      ^

warning: function `eval_iter` is never used
   --> src\L11_macro\bump_spine_iter.rs:966:4
    |
966 | fn eval_iter<'a>(
    |    ^^^^^^^^^

warning: enum `QJob` is never used
    --> src\L11_macro\bump_spine_iter.rs:1419:6
     |
1419 | enum QJob<'a> {
     |      ^^^^

warning: type alias `QuoteMemo` is never used
    --> src\L11_macro\bump_spine_iter.rs:1464:6
     |
1464 | type QuoteMemo<'a> = FxHashMap<(u64, u32), &'a Tm<'a>>;
     |      ^^^^^^^^^

warning: function `quote_iter` is never used
    --> src\L11_macro\bump_spine_iter.rs:1469:4
     |
1469 | fn quote_iter<'a>(
     |    ^^^^^^^^^^

warning: static `NO_CONV_MEMO` is never used
    --> src\L11_macro\bump_spine_iter.rs:1865:8
     |
1865 | static NO_CONV_MEMO: std::sync::LazyLock<std::sync::atomic::AtomicBool> =
     |        ^^^^^^^^^^^^

warning: struct `ConvScratch` is never constructed
    --> src\L11_macro\bump_spine_iter.rs:1872:8
     |
1872 | struct ConvScratch {
     |        ^^^^^^^^^^^

warning: enum `UItem` is never used
    --> src\L11_macro\bump_spine_iter.rs:1881:6
     |
1881 | enum UItem<'a> {
     |      ^^^^^

warning: type alias `DeclbEntry` is never used
    --> src\L11_macro\bump_spine_iter.rs:1917:6
     |
1917 | type DeclbEntry<'a> = (Rc<Decls<'a>>, Rc<Decls<'a>>);
     |      ^^^^^^^^^^

warning: function `declb_of` is never used
    --> src\L11_macro\bump_spine_iter.rs:1934:4
     |
1934 | fn declb_of<'a>(bump: &'a Bump, decl: &Rc<Decls<'a>>) -> Rc<Decls<'a>> {
     |    ^^^^^^^^

warning: function `is_objheaded` is never used
    --> src\L11_macro\bump_spine_iter.rs:1973:4
     |
1973 | fn is_objheaded(spine: &Spine, v: V) -> bool {
     |    ^^^^^^^^^^^^

warning: function `intersect_bump` is never used
    --> src\L11_macro\bump_spine_iter.rs:1986:4
     |
1986 | fn intersect_bump<'a>(
     |    ^^^^^^^^^^^^^^

warning: function `flex_flex_bump` is never used
    --> src\L11_macro\bump_spine_iter.rs:2048:4
     |
2048 | fn flex_flex_bump<'a>(
     |    ^^^^^^^^^^^^^^

warning: function `unify_sp_lockstep` is never used
    --> src\L11_macro\bump_spine_iter.rs:2089:4
     |
2089 | fn unify_sp_lockstep<'a>(
     |    ^^^^^^^^^^^^^^^^^

warning: function `rigid_lvl` is never used
    --> src\L11_macro\bump_spine_iter.rs:2147:4
     |
2147 | fn rigid_lvl(spine: &Spine, v: V) -> Option<u32> {
     |    ^^^^^^^^^

warning: function `unify_iter` is never used
    --> src\L11_macro\bump_spine_iter.rs:2176:4
     |
2176 | fn unify_iter<'a>(
     |    ^^^^^^^^^^

warning: struct `RenBuf` is never constructed
    --> src\L11_macro\bump_spine_iter.rs:2739:8
     |
2739 | struct RenBuf {
     |        ^^^^^^

warning: constant `NONE_MARK` is never used
    --> src\L11_macro\bump_spine_iter.rs:2747:7
     |
2747 | const NONE_MARK: u32 = u32::MAX;
     |       ^^^^^^^^^

warning: methods `reset`, `get`, `has_mark`, `set`, and `clone_valid` are never used
    --> src\L11_macro\bump_spine_iter.rs:2752:8
     |
2749 | impl RenBuf {
     | ----------- methods in this implementation
...
2752 |     fn reset(&mut self) {
     |        ^^^^^
...
2757 |     fn get(&self, x: usize) -> Option<u32> {
     |        ^^^
...
2772 |     fn has_mark(&self, x: usize) -> bool {
     |        ^^^^^^^^
...
2776 |     fn set(&mut self, x: usize, v: u32) {
     |        ^^^
...
2789 |     fn clone_valid(&self) -> RenBuf {
     |        ^^^^^^^^^^^

warning: function `invert_bump` is never used
    --> src\L11_macro\bump_spine_iter.rs:2812:4
     |
2812 | fn invert_bump<'a>(
     |    ^^^^^^^^^^^

warning: function `solve_with_pren_bump` is never used
    --> src\L11_macro\bump_spine_iter.rs:2867:4
     |
2867 | fn solve_with_pren_bump<'a>(
     |    ^^^^^^^^^^^^^^^^^^^^

warning: function `solve_bump` is never used
    --> src\L11_macro\bump_spine_iter.rs:2912:4
     |
2912 | fn solve_bump<'a>(
     |    ^^^^^^^^^^

warning: enum `RJob` is never used
    --> src\L11_macro\bump_spine_iter.rs:2941:6
     |
2941 | enum RJob<'a> {
     |      ^^^^

warning: function `rename_iter` is never used
    --> src\L11_macro\bump_spine_iter.rs:2962:4
     |
2962 | fn rename_iter<'a>(
     |    ^^^^^^^^^^^

warning: enum `SpinePruneStatus` is never used
    --> src\L11_macro\bump_spine_iter.rs:3266:6
     |
3266 | enum SpinePruneStatus {
     |      ^^^^^^^^^^^^^^^^

warning: function `prune_vflex_bump` is never used
    --> src\L11_macro\bump_spine_iter.rs:3276:4
     |
3276 | fn prune_vflex_bump<'a>(
     |    ^^^^^^^^^^^^^^^^

warning: function `prune_meta_bump` is never used
    --> src\L11_macro\bump_spine_iter.rs:3343:4
     |
3343 | fn prune_meta_bump<'a>(
     |    ^^^^^^^^^^^^^^^

warning: function `prune_ty_bump` is never used
    --> src\L11_macro\bump_spine_iter.rs:3386:4
     |
3386 | fn prune_ty_bump<'a>(
     |    ^^^^^^^^^^^^^

warning: function `alloc_xname` is never used
    --> src\L11_macro\bump_spine_iter.rs:3443:4
     |
3443 | fn alloc_xname<'a>(bump: &'a Bump, n: u32) -> &'a str {
     |    ^^^^^^^^^^^

warning: function `lams_from_ty` is never used
    --> src\L11_macro\bump_spine_iter.rs:3463:4
     |
3463 | fn lams_from_ty<'a>(
     |    ^^^^^^^^^^^^

warning: struct `Names` is never constructed
    --> src\L11_macro\bump_spine_iter.rs:3512:8
     |
3512 | struct Names {
     |        ^^^^^

warning: struct `Machine` is never constructed
    --> src\L11_macro\bump_spine_iter.rs:3525:19
     |
3525 | pub(crate) struct Machine {
     |                   ^^^^^^^

warning: multiple associated items are never used
    --> src\L11_macro\bump_spine_iter.rs:3563:19
     |
3562 | impl Machine {
     | ------------ associated items in this implementation
3563 |     pub(crate) fn new() -> Self {
     |                   ^^^
...
3590 |     fn clear_round(&mut self) {
     |        ^^^^^^^^^^^
...
3605 |     fn bind_name<'a>(
     |        ^^^^^^^^^
...
3642 |     fn new_binder<'a>(
     |        ^^^^^^^^^^
...
3676 |     fn define_name<'a>(
     |        ^^^^^^^^^^^
...
3716 |     fn fake_bind<'a>(
     |        ^^^^^^^^^
...
3748 |     fn decl_reg<'a>(
     |        ^^^^^^^^
...
3786 |     fn decl_reg_in<'a>(
     |        ^^^^^^^^^^^
...
3822 |     fn fresh_meta<'a>(&mut self, bump: &'a Bump, cxt: &Cxt<'a>, a: V) -> &'a Tm<'a> {
     |        ^^^^^^^^^^
...
3855 |     fn close_tm<'a>(
     |        ^^^^^^^^
...
3874 |     fn eval_fresh(&mut self, bump: &Bump, cxt: &Cxt<'_>, env: Env<'_>, m: &Tm<'_>) -> V {
     |        ^^^^^^^^^^
...
3892 |     fn eval<'a>(&mut self, bump: &'a Bump, cxt: &Cxt<'a>, env: Env<'a>, tm: &'a Tm<'a>) -> V {
     |        ^^^^
...
3917 |     fn quote<'a>(&mut self, bump: &'a Bump, cxt: &Cxt<'a>, level: u32, v: V) -> &'a Tm<'a> {
     |        ^^^^^
...
3964 |     fn quote_memo<'a>(&mut self, bump: &'a Bump, cxt: &Cxt<'a>, level: u32, v: V) -> &'a Tm<'a> {
     |        ^^^^^^^^^^
...
4014 |     fn unify<'a>(
     |        ^^^^^
...
4076 |     fn solve_multi_trait_ref<'a>(
     |        ^^^^^^^^^^^^^^^^^^^^^
...
4104 |     fn solve_trait_ref<'a>(
     |        ^^^^^^^^^^^^^^^
...
4201 |     fn unify_catch<'a>(
     |        ^^^^^^^^^^^
...
4229 |     fn force_v(&mut self, bump: &Bump, cxt: &Cxt<'_>, v: V) -> V {
     |        ^^^^^^^
...
4244 |     fn insert_go<'a>(
     |        ^^^^^^^^^
...
4268 |     fn insert_t<'a>(
     |        ^^^^^^^^
...
4279 |     fn insert<'a>(
     |        ^^^^^^
...
4294 |     fn insert_until_name<'a>(
     |        ^^^^^^^^^^^^^^^^^
...
4328 |     fn check<'a>(
     |        ^^^^^
...
4430 |     fn check_universe<'a>(
     |        ^^^^^^^^^^^^^^

warning: struct `TCons` is never constructed
    --> src\L11_macro\bump_spine_iter.rs:4558:8
     |
4558 | struct TCons<'a> {
     |        ^^^^^

warning: struct `Cxt` is never constructed
    --> src\L11_macro\bump_spine_iter.rs:4568:8
     |
4568 | struct Cxt<'a> {
     |        ^^^

warning: associated function `empty` is never used
    --> src\L11_macro\bump_spine_iter.rs:4592:8
     |
4591 | impl<'a> Cxt<'a> {
     | ---------------- associated function in this implementation
4592 |     fn empty() -> Self {
     |        ^^^^^

warning: function `types_names_list` is never used
    --> src\L11_macro\bump_spine_iter.rs:4609:4
     |
4609 | fn types_names_list(tys: Option<&TCons<'_>>) -> crate::list::List<String> {
     |    ^^^^^^^^^^^^^^^^

warning: function `has_free_var` is never used
    --> src\L11_macro\bump_spine_iter.rs:4625:4
     |
4625 | fn has_free_var(t: &Tm<'_>) -> bool {
     |    ^^^^^^^^^^^^

warning: multiple methods are never used
    --> src\L11_macro\bump_spine_iter.rs:4685:8
     |
4676 | impl Machine {
     | ------------ methods in this implementation
...
4685 |     fn unify_pm<'a>(
     |        ^^^^^^^^
...
4764 |     fn run_pure_probe<R>(&mut self, f: impl FnOnce(&mut Machine) -> R) -> R {
     |        ^^^^^^^^^^^^^^
...
4772 |     fn check_pm<'a>(
     |        ^^^^^^^^
...
4788 |     fn check_pm_final<'a>(
     |        ^^^^^^^^^^^^^^
...
4808 |     fn update_cxt<'a>(
     |        ^^^^^^^^^^
...
4822 |     fn update_cxt_impl<'a>(
     |        ^^^^^^^^^^^^^^^
...
4900 |     fn refresh<'a>(
     |        ^^^^^^^
...
4951 |     fn trait_wrap<'a>(
     |        ^^^^^^^^^^
...
5064 |     fn mk_no_object_err(
     |        ^^^^^^^^^^^^^^^^
...
5094 |     fn infer_expr<'a>(
     |        ^^^^^^^^^^
...
5422 |     fn infer_decl<'a>(
     |        ^^^^^^^^^^

warning: function `t_span_of` is never used
    --> src\L11_macro\bump_spine_iter.rs:5752:4
     |
5752 | fn t_span_of(t: &Raw) -> crate::parser_lib::Span<()> {
     |    ^^^^^^^^^

warning: function `v_u0` is never used
    --> src\L11_macro\bump_spine_iter.rs:5757:4
     |
5757 | fn v_u0() -> V {
     |    ^^^^

warning: function `clone_cxt` is never used
    --> src\L11_macro\bump_spine_iter.rs:5762:4
     |
5762 | fn clone_cxt<'a>(cxt: &Cxt<'a>) -> Cxt<'a> {
     |    ^^^^^^^^^

warning: struct `TraitState` is never constructed
    --> src\L11_macro\bump_spine_iter.rs:5779:19
     |
5779 | pub(crate) struct TraitState {
     |                   ^^^^^^^^^^

warning: function `val_to_typ` is never used
    --> src\L11_macro\bump_spine_iter.rs:5791:15
     |
5791 | pub(crate) fn val_to_typ(spine: &Spine, defs: &[V], v: V) -> Option<Typ> {
     |               ^^^^^^^^^^

warning: function `remaining_flatten` is never used
    --> src\L11_macro\bump_spine_iter.rs:5847:4
     |
5847 | fn remaining_flatten<'a>(remaining: &mut Vec<Option<Arm<'a>>>) -> Vec<Arm<'a>> {
     |    ^^^^^^^^^^^^^^^^^

warning: function `chain_env` is never used
    --> src\L11_macro\bump_spine_iter.rs:5852:4
     |
5852 | fn chain_env<'a>(bump: &'a Bump, slots: &[V]) -> Env<'a> {
     |    ^^^^^^^^^

warning: enum `DeclOut` is never used
    --> src\L11_macro\bump_spine_iter.rs:5866:6
     |
5866 | enum DeclOut<'a> {
     |      ^^^^^^^

warning: type alias `Var` is never used
    --> src\L11_macro\bump_spine_iter.rs:5877:6
     |
5877 | type Var = i32;
     |      ^^^

warning: enum `Warning` is never used
    --> src\L11_macro\bump_spine_iter.rs:5880:17
     |
5880 | pub(crate) enum Warning {
     |                 ^^^^^^^

warning: struct `PatConstructor` is never constructed
    --> src\L11_macro\bump_spine_iter.rs:5886:8
     |
5886 | struct PatConstructor {
     |        ^^^^^^^^^^^^^^

warning: associated items `new`, `clean`, `push`, and `new_level` are never used
    --> src\L11_macro\bump_spine_iter.rs:5891:8
     |
5890 | impl PatConstructor {
     | ------------------- associated items in this implementation
5891 |     fn new() -> Self {
     |        ^^^
...
5895 |     fn clean(mut self) -> Self {
     |        ^^^^^
...
5911 |     fn push(self, detail: PatternDetail) -> Self {
     |        ^^^^
...
5917 |     fn new_level(mut self, index: usize) -> Self {
     |        ^^^^^^^^^

warning: struct `MatchArm` is never constructed
    --> src\L11_macro\bump_spine_iter.rs:5924:8
     |
5924 | struct MatchArm {
     |        ^^^^^^^^

warning: enum `MatchContext` is never used
    --> src\L11_macro\bump_spine_iter.rs:5930:6
     |
5930 | enum MatchContext {
     |      ^^^^^^^^^^^^

warning: struct `Arm` is never constructed
    --> src\L11_macro\bump_spine_iter.rs:5943:8
     |
5943 | struct Arm<'a> {
     |        ^^^

warning: struct `Compiler` is never constructed
    --> src\L11_macro\bump_spine_iter.rs:5955:19
     |
5955 | pub(crate) struct Compiler<'a> {
     |                   ^^^^^^^^

warning: multiple associated items are never used
    --> src\L11_macro\bump_spine_iter.rs:5965:8
     |
5964 | impl<'a> Compiler<'a> {
     | --------------------- associated items in this implementation
5965 |     fn new(ret_type: V) -> Self {
     |        ^^^
...
5976 |     fn fresh(&mut self) -> i32 {
     |        ^^^^^
...
5981 |     fn fill_context(ctx: &MatchContext, pat: &Pattern) -> Pattern {
     |        ^^^^^^^^^^^^
...
6000 |     fn next_hole(ctx: &MatchContext, pat: &Pattern) -> MatchContext {
     |        ^^^^^^^^^
...
6028 |     fn filter_accessible_constrs(
     |        ^^^^^^^^^^^^^^^^^^^^^^^^^
...
6039 |     fn filter_accessible_constrs_inner(
     |        ^^^^^^^^^^^^^^^^^^^^^^^^^^^^^^^
...
6101 |     fn compile(
     |        ^^^^^^^
...
6161 |     fn compile_aux(
     |        ^^^^^^^^^^^
...
6172 |     fn compile_aux_inner(
     |        ^^^^^^^^^^^^^^^^^

warning: function `dbg_span_str` is never used
    --> src\L11_macro\bump_spine_iter.rs:6612:4
     |
6612 | fn dbg_span_str(s: &str) -> String {
     |    ^^^^^^^^^^^^

warning: function `dbg_span_unit` is never used
    --> src\L11_macro\bump_spine_iter.rs:6616:4
     |
6616 | fn dbg_span_unit() -> String {
     |    ^^^^^^^^^^^^^

warning: function `strconv_quote` is never used
    --> src\L11_macro\bump_spine_iter.rs:6622:4
     |
6622 | fn strconv_quote(s: &str) -> String {
     |    ^^^^^^^^^^^^^

warning: function `debug_val` is never used
    --> src\L11_macro\bump_spine_iter.rs:6641:4
     |
6641 | fn debug_val(spine: &Spine, defs: &[V], v: V) -> String {
     |    ^^^^^^^^^

warning: function `debug_spine` is never used
    --> src\L11_macro\bump_spine_iter.rs:6647:4
     |
6647 | fn debug_spine(spine: &Spine, defs: &[V], h: usize, out: &mut String) {
     |    ^^^^^^^^^^^

warning: function `debug_val_go` is never used
    --> src\L11_macro\bump_spine_iter.rs:6666:4
     |
6666 | fn debug_val_go(spine: &Spine, defs: &[V], v: V, out: &mut String) {
     |    ^^^^^^^^^^^^

warning: function `debug_icit` is never used
    --> src\L11_macro\bump_spine_iter.rs:6823:4
     |
6823 | fn debug_icit(i: Icit) -> &'static str {
     |    ^^^^^^^^^^

warning: function `debug_pat_go` is never used
    --> src\L11_macro\bump_spine_iter.rs:6830:4
     |
6830 | fn debug_pat_go(p: &PatternDetail, out: &mut String) {
     |    ^^^^^^^^^^^^

warning: function `debug_tm` is never used
    --> src\L11_macro\bump_spine_iter.rs:6852:4
     |
6852 | fn debug_tm(t: &Tm<'_>) -> String {
     |    ^^^^^^^^

warning: function `debug_tm_go` is never used
    --> src\L11_macro\bump_spine_iter.rs:6858:4
     |
6858 | fn debug_tm_go(t: &Tm<'_>, out: &mut String) {
     |    ^^^^^^^^^^^

warning: function `export` is never used
    --> src\L11_macro\bump_spine_iter.rs:6999:4
     |
6999 | fn export(t: &Tm<'_>) -> CTm {
     |    ^^^^^^

warning: function `tm_size` is never used
    --> src\L11_macro\bump_spine_iter.rs:7190:4
     |
7190 | fn tm_size(t: &Tm<'_>) -> u64 {
     |    ^^^^^^^

warning: methods `prime_round` and `elab_all` are never used
    --> src\L11_macro\bump_spine_iter.rs:7255:8
     |
7248 | impl Machine {
     | ------------ methods in this implementation
...
7255 |     fn prime_round<'a>(&mut self, bump: &'a Bump) -> Cxt<'a> {
     |        ^^^^^^^^^^^
...
7499 |     fn elab_all<'a>(
     |        ^^^^^^^^

warning: function `no_metas` is never used
    --> src\L11_macro\bump_spine_iter.rs:7524:4
     |
7524 | fn no_metas<'a>(
     |    ^^^^^^^^

warning: function `err_unsolved_meta` is never used
    --> src\L11_macro\bump_spine_iter.rs:7582:4
     |
7582 | fn err_unsolved_meta<'a>(
     |    ^^^^^^^^^^^^^^^^^

warning: struct `Tycker` is never constructed
    --> src\L11_macro\bump_spine_iter.rs:7660:19
     |
7660 | pub(crate) struct Tycker {
     |                   ^^^^^^

warning: multiple associated items are never used
    --> src\L11_macro\bump_spine_iter.rs:7666:19
     |
7665 | impl Tycker {
     | ----------- associated items in this implementation
7666 |     pub(crate) fn new() -> Self {
     |                   ^^^
...
7678 |     pub(crate) fn run_decls(&mut self, ast: &[Decl]) -> Result<String, Error> {
     |                   ^^^^^^^^^
...
7701 |     pub(crate) fn run_input(&mut self, input: &str, path_id: u32) -> Result<String, Error> {
     |                   ^^^^^^^^^
...
7711 |     pub(crate) fn bench_check(&mut self, ast: &[Decl]) -> bool {
     |                   ^^^^^^^^^^^
...
7720 |     pub(crate) fn bench_check_nf(&mut self, ast: &[Decl]) -> u64 {
     |                   ^^^^^^^^^^^^^^
...
7725 |     pub(crate) fn bench_check_nf_memo(&mut self, ast: &[Decl]) -> u64 {
     |                   ^^^^^^^^^^^^^^^^^^^
...
7729 |     fn bench_nf_impl(&mut self, ast: &[Decl], use_memo: bool) -> u64 {
     |        ^^^^^^^^^^^^^

warning: function `run_fast` is never used
    --> src\L11_macro\bump_spine_iter.rs:7750:15
     |
7750 | pub(crate) fn run_fast(input: &str, path_id: u32) -> Result<String, Error> {
     |               ^^^^^^^^

warning: function `parse` is never used
    --> src\L11_macro\bump_spine_iter.rs:7757:15
     |
7757 | pub(crate) fn parse(input: &str, path_id: u32) -> Result<Vec<Decl>, String> {
     |               ^^^^^

warning: type alias `SourceDecl` is never used
    --> src\L11_macro\bump_spine_iter.rs:7765:17
     |
7765 | pub(crate) type SourceDecl = Decl;
     |                 ^^^^^^^^^^

warning: function `church_src` is never used
    --> src\L11_macro\bump_spine_iter.rs:7779:15
     |
7779 | pub(crate) fn church_src(k: u32) -> String {
     |               ^^^^^^^^^^

warning: function `natadd_src` is never used
    --> src\L11_macro\bump_spine_iter.rs:7799:15
     |
7799 | pub(crate) fn natadd_src(k: u32) -> String {
     |               ^^^^^^^^^^

warning: function `gadt_src` is never used
    --> src\L11_macro\bump_spine_iter.rs:7823:15
     |
7823 | pub(crate) fn gadt_src() -> String {
     |               ^^^^^^^^

warning: function `strchain_src` is never used
    --> src\L11_macro\bump_spine_iter.rs:7864:15
     |
7864 | pub(crate) fn strchain_src(k: u32) -> String {
     |               ^^^^^^^^^^^^

warning: function `match_src` is never used
    --> src\L11_macro\bump_spine_iter.rs:7876:15
     |
7876 | pub(crate) fn match_src(k: u32) -> String {
     |               ^^^^^^^^^

warning: function `enum_src` is never used
    --> src\L11_macro\bump_spine_iter.rs:7891:15
     |
7891 | pub(crate) fn enum_src() -> String {
     |               ^^^^^^^^

warning: function `struct_src` is never used
    --> src\L11_macro\bump_spine_iter.rs:7950:15
     |
7950 | pub(crate) fn struct_src(k: u32) -> String {
     |               ^^^^^^^^^^

warning: field `1` is never read
  --> src\L12_canonical\mod.rs:31:21
   |
31 |     Solved(Rc<Val>, Rc<VTy>),
   |     ------          ^^^^^^^
   |     |
   |     field in this variant
   |
   = note: `MetaEntry` has derived impls for the traits `Clone` and `Debug`, but these are intentionally ignored during dead code analysis
help: consider changing the field to be of unit type to suppress this warning while preserving the field numbering, or remove the field
   |
31 -     Solved(Rc<Val>, Rc<VTy>),
31 +     Solved(Rc<Val>, ()),
   |

warning: enum `BD` is never used
  --> src\L12_canonical\mod.rs:39:6
   |
39 | enum BD {
   |      ^^

warning: function `extract_decl_name` is never used
   --> src\L12_canonical\mod.rs:285:4
    |
285 | fn extract_decl_name(tm: &Tm) -> Option<Span<SmolStr>> {
    |    ^^^^^^^^^^^^^^^^^

warning: function `collect_app_args` is never used
   --> src\L12_canonical\mod.rs:293:4
    |
293 | fn collect_app_args(tm: &Tm) -> Vec<Rc<Tm>> {
    |    ^^^^^^^^^^^^^^^^

warning: function `skip_until_inner` is never used
  --> src\L12_canonical\parser\mod.rs:45:4
   |
45 | fn skip_until_inner<'a: 'b, 'b>(kind: TokenKind) -> impl Fn(&'b [TokenNode<'a>]) -> &'b [TokenNode<'a>] + Copy {
   |    ^^^^^^^^^^^^^^^^

warning: type alias `Var` is never used
  --> src\L12_canonical\pattern_match.rs:17:6
   |
17 | type Var = i32;
   |      ^^^

warning: field `0` is never read
  --> src\L12_canonical\pattern_match.rs:23:17
   |
23 |     Unreachable(Raw),
   |     ----------- ^^^
   |     |
   |     field in this variant
   |
   = note: `Warning` has derived impls for the traits `Clone` and `Debug`, but these are intentionally ignored during dead code analysis
help: consider changing the field to be of unit type to suppress this warning while preserving the field numbering, or remove the field
   |
23 -     Unreachable(Raw),
23 +     Unreachable(()),
   |

warning: field `0` is never read
  --> src\L12_canonical\pattern_match.rs:24:15
   |
24 |     Unmatched(Pattern),
   |     --------- ^^^^^^^
   |     |
   |     field in this variant
   |
   = note: `Warning` has derived impls for the traits `Clone` and `Debug`, but these are intentionally ignored during dead code analysis
help: consider changing the field to be of unit type to suppress this warning while preserving the field numbering, or remove the field
   |
24 -     Unmatched(Pattern),
24 +     Unmatched(()),
   |

warning: associated function `new` is never used
  --> src\L12_canonical\typeclass.rs:99:12
   |
98 | impl Synth {
   | ---------- associated function in this implementation
99 |     pub fn new() -> Self {
   |            ^^^

warning: variants `StringConcat`, `StringToGlobalType`, `CreateGlobal`, `ChangeMutable`, and `GetGlobal` are never constructed
   --> src\L12_canonical\bump_spine_iter.rs:110:5
    |
108 | enum PrimId {
    |      ------ variants in this enum
109 |     /// `string_concat`：λ 链体，求值时读 env 前两槽拼接。
110 |     StringConcat,
    |     ^^^^^^^^^^^^
111 |     /// `string_to_global_type`：字符串 → decl 表动态引用。
112 |     StringToGlobalType,
    |     ^^^^^^^^^^^^^^^^^^
113 |     /// `create_global`：写 mutable_map。
114 |     CreateGlobal,
    |     ^^^^^^^^^^^^
115 |     /// `change_mutable`：读改写 mutable_map（v_app 应用到旧值）。
116 |     ChangeMutable,
    |     ^^^^^^^^^^^^^
117 |     /// `get_global`：读 mutable_map（缺名 panic——参考版 unwrap 同款）。
118 |     GetGlobal,
    |     ^^^^^^^^^
    |
    = note: `PrimId` has derived impls for the traits `Debug` and `Clone`, but these are intentionally ignored during dead code analysis

warning: multiple variants are never constructed
   --> src\L12_canonical\bump_spine_iter.rs:126:5
    |
125 | pub(crate) enum Tm<'a> {
    |                 -- variants in this enum
126 |     Var(u32),
    |     ^^^
...
129 |     Decl(&'a str),
    |     ^^^^
130 |     Lam(&'a str, Icit, &'a Tm<'a>),
    |     ^^^
131 |     App(&'a Tm<'a>, &'a Tm<'a>, Icit),
    |     ^^^
...
134 |     AppPruning(&'a Tm<'a>, Option<&'a PrCons<'a>>),
    |     ^^^^^^^^^^
135 |     U(u32),
    |     ^
136 |     Pi(&'a str, Icit, &'a Tm<'a>, &'a Tm<'a>),
    |     ^^
137 |     Let(&'a str, &'a Tm<'a>, &'a Tm<'a>, &'a Tm<'a>),
    |     ^^^
138 |     Meta(u32),
    |     ^^^^
139 |     /// String 字面量的类型（`String`）。
140 |     LiteralType,
    |     ^^^^^^^^^^^
141 |     /// 字符串字面量（内容即值）。
142 |     LiteralIntro(&'a str),
    |     ^^^^^^^^^^^^
...
146 |     Prim(V, PrimId),
    |     ^^^^
147 |     /// `x.field` 投影（参考版 `Tm::Obj`；字段名只服务 pretty/查表）。
148 |     Obj(&'a Tm<'a>, &'a str),
    |     ^^^
...
152 |     Sum(&'a str, &'a [SumParamT<'a>], &'a [&'a str], bool),
    |     ^^^
153 |     /// 构造子值：typ 求值后必须是其所属的（已实例化的）`Sum`。
154 |     SumCase {
    |     ^^^^^^^
...
161 |     Match(&'a Tm<'a>, &'a [(PatternDetail, &'a Tm<'a>)]),
    |     ^^^^^

warning: fields `name`, `val`, `ty`, and `icit` are never read
   --> src\L12_canonical\bump_spine_iter.rs:166:16
    |
165 | pub(crate) struct SumParamT<'a> {
    |                   --------- fields in this struct
166 |     pub(crate) name: &'a str,
    |                ^^^^
167 |     pub(crate) val: &'a Tm<'a>,
    |                ^^^
168 |     pub(crate) ty: &'a Tm<'a>,
    |                ^^
169 |     pub(crate) icit: Icit,
    |                ^^^^

warning: fields `name`, `val`, and `icit` are never read
   --> src\L12_canonical\bump_spine_iter.rs:174:16
    |
173 | pub(crate) struct SumDataT<'a> {
    |                   -------- fields in this struct
174 |     pub(crate) name: &'a str,
    |                ^^^^
175 |     pub(crate) val: &'a Tm<'a>,
    |                ^^^
176 |     pub(crate) icit: Icit,
    |                ^^^^

warning: fields `slot`, `none_run`, `after_run`, and `next` are never read
   --> src\L12_canonical\bump_spine_iter.rs:183:5
    |
180 | pub(crate) struct PrCons<'a> {
    |                   ------ fields in this struct
...
183 |     slot: Option<Icit>,
    |     ^^^^
184 |     /// 本节点向外（next 方向）连续 `None`（define 槽）的个数；Some 槽为 0。
185 |     none_run: u32,
    |     ^^^^^^^^
186 |     /// 本 none-run 之后的第一个槽（Some 槽或链尾）——跳段的落点。
187 |     after_run: Option<&'a PrCons<'a>>,
    |     ^^^^^^^^^
188 |     next: Option<&'a PrCons<'a>>,
    |     ^^^^

warning: associated function `new` is never used
   --> src\L12_canonical\bump_spine_iter.rs:193:8
    |
191 | impl<'a> PrCons<'a> {
    | ------------------- associated function in this implementation
192 |     /// 入链构造（新槽恒为链头，最内层）。run 统计只读既有节点。
193 |     fn new(slot: Option<Icit>, next: Option<&'a PrCons<'a>>) -> Self {
    |        ^^^

warning: struct `LCons` is never constructed
   --> src\L12_canonical\bump_spine_iter.rs:210:8
    |
210 | struct LCons<'a> {
    |        ^^^^^

warning: field `0` is never read
   --> src\L12_canonical\bump_spine_iter.rs:228:21
    |
228 | pub(crate) struct V(pub(crate) u64);
    |                   - ^^^^^^^^^^^^^^
    |                   |
    |                   field in this struct
    |
    = help: consider removing this field
    = note: `V` has a derived impl for the trait `Clone`, but this is intentionally ignored during dead code analysis

warning: function `v_lvl` is never used
   --> src\L12_canonical\bump_spine_iter.rs:231:15
    |
231 | pub(crate) fn v_lvl(level: u32) -> V {
    |               ^^^^^

warning: function `v_clo` is never used
   --> src\L12_canonical\bump_spine_iter.rs:235:15
    |
235 | pub(crate) fn v_clo<'a>(p: &'a CloCell<'a>) -> V {
    |               ^^^^^

warning: function `v_spine` is never used
   --> src\L12_canonical\bump_spine_iter.rs:239:15
    |
239 | pub(crate) fn v_spine(idx: usize) -> V {
    |               ^^^^^^^

warning: function `v_u` is never used
   --> src\L12_canonical\bump_spine_iter.rs:243:15
    |
243 | pub(crate) fn v_u(lvl: u32) -> V {
    |               ^^^

warning: function `v_pi` is never used
   --> src\L12_canonical\bump_spine_iter.rs:247:15
    |
247 | pub(crate) fn v_pi<'a>(p: &'a PiCell<'a>) -> V {
    |               ^^^^

warning: function `v_meta` is never used
   --> src\L12_canonical\bump_spine_iter.rs:251:15
    |
251 | pub(crate) fn v_meta(m: u32) -> V {
    |               ^^^^^^

warning: function `v_lit_ty` is never used
   --> src\L12_canonical\bump_spine_iter.rs:256:15
    |
256 | pub(crate) fn v_lit_ty() -> V {
    |               ^^^^^^^^

warning: function `v_xcell` is never used
   --> src\L12_canonical\bump_spine_iter.rs:260:15
    |
260 | pub(crate) fn v_xcell<'a>(p: &'a XCell<'a>) -> V {
    |               ^^^^^^^

warning: function `v_tag` is never used
   --> src\L12_canonical\bump_spine_iter.rs:264:15
    |
264 | pub(crate) fn v_tag(v: V) -> u64 {
    |               ^^^^^

warning: function `v_lvl_of` is never used
   --> src\L12_canonical\bump_spine_iter.rs:268:15
    |
268 | pub(crate) fn v_lvl_of(v: V) -> u32 {
    |               ^^^^^^^^

warning: function `v_clo_of` is never used
   --> src\L12_canonical\bump_spine_iter.rs:272:15
    |
272 | pub(crate) fn v_clo_of<'a>(v: V) -> &'a CloCell<'a> {
    |               ^^^^^^^^

warning: function `v_spine_of` is never used
   --> src\L12_canonical\bump_spine_iter.rs:279:15
    |
279 | pub(crate) fn v_spine_of(v: V) -> usize {
    |               ^^^^^^^^^^

warning: function `v_pi_of` is never used
   --> src\L12_canonical\bump_spine_iter.rs:283:15
    |
283 | pub(crate) fn v_pi_of<'a>(v: V) -> &'a PiCell<'a> {
    |               ^^^^^^^

warning: function `v_meta_of` is never used
   --> src\L12_canonical\bump_spine_iter.rs:289:15
    |
289 | pub(crate) fn v_meta_of(v: V) -> u32 {
    |               ^^^^^^^^^

warning: function `v_u_of` is never used
   --> src\L12_canonical\bump_spine_iter.rs:294:15
    |
294 | pub(crate) fn v_u_of(v: V) -> u32 {
    |               ^^^^^^

warning: function `v_xcell_of` is never used
   --> src\L12_canonical\bump_spine_iter.rs:299:15
    |
299 | pub(crate) fn v_xcell_of<'a>(v: V) -> &'a XCell<'a> {
    |               ^^^^^^^^^^

warning: fields `name`, `val`, `ty`, and `icit` are never read
   --> src\L12_canonical\bump_spine_iter.rs:308:5
    |
307 | pub(crate) struct SumParamV<'a> {
    |                   --------- fields in this struct
308 |     name: &'a str,
    |     ^^^^
309 |     val: V,
    |     ^^^
310 |     ty: V,
    |     ^^
311 |     icit: Icit,
    |     ^^^^
    |
    = note: `SumParamV` has a derived impl for the trait `Clone`, but this is intentionally ignored during dead code analysis

warning: fields `name`, `val`, and `icit` are never read
   --> src\L12_canonical\bump_spine_iter.rs:316:5
    |
315 | pub(crate) struct SumDataV<'a> {
    |                   -------- fields in this struct
316 |     name: &'a str,
    |     ^^^^
317 |     val: V,
    |     ^^^
318 |     icit: Icit,
    |     ^^^^

warning: multiple variants are never constructed
   --> src\L12_canonical\bump_spine_iter.rs:331:5
    |
330 | pub(crate) enum XCell<'a> {
    |                 ----- variants in this enum
331 |     Lit(&'a str),
    |     ^^^
...
335 |     Decl { name: &'a str },
    |     ^^^^
...
338 |     Prim { typ: V, pid: PrimId },
    |     ^^^^
...
341 |     Obj { val: V, name: &'a str },
    |     ^^^
...
344 |     Sum {
    |     ^^^
...
351 |     SumCase {
    |     ^^^^^^^
...
360 |     Match {
    |     ^^^^^

warning: struct `DeclEntry` is never constructed
   --> src\L12_canonical\bump_spine_iter.rs:370:19
    |
370 | pub(crate) struct DeclEntry<'a> {
    |                   ^^^^^^^^^

warning: type alias `Decls` is never used
   --> src\L12_canonical\bump_spine_iter.rs:382:17
    |
382 | pub(crate) type Decls<'a> = FxHashMap<SmolStr, DeclEntry<'a>>;
    |                 ^^^^^

warning: fields `flat_base`, `flat_len`, and `binds` are never read
   --> src\L12_canonical\bump_spine_iter.rs:390:5
    |
389 | pub(crate) struct Env<'a> {
    |                   --- fields in this struct
390 |     flat_base: u32,
    |     ^^^^^^^^^
391 |     flat_len: u32,
    |     ^^^^^^^^
392 |     binds: Option<&'a EnvCons<'a>>,
    |     ^^^^^
    |
    = note: `Env` has a derived impl for the trait `Clone`, but this is intentionally ignored during dead code analysis

warning: constant `EMPTY_ENV` is never used
   --> src\L12_canonical\bump_spine_iter.rs:395:7
    |
395 | const EMPTY_ENV: Env<'static> = Env {
    |       ^^^^^^^^^

warning: fields `val` and `next` are never read
   --> src\L12_canonical\bump_spine_iter.rs:403:5
    |
402 | pub(crate) struct EnvCons<'a> {
    |                   ------- fields in this struct
403 |     val: V,
    |     ^^^
404 |     next: Option<&'a EnvCons<'a>>,
    |     ^^^^

warning: function `env_nth` is never used
   --> src\L12_canonical\bump_spine_iter.rs:409:15
    |
409 | pub(crate) fn env_nth(defs: &[V], env: Env<'_>, i: u32) -> V {
    |               ^^^^^^^

warning: function `env_len` is never used
   --> src\L12_canonical\bump_spine_iter.rs:424:15
    |
424 | pub(crate) fn env_len(env: Env<'_>) -> u32 {
    |               ^^^^^^^

warning: function `env_collect` is never used
   --> src\L12_canonical\bump_spine_iter.rs:438:15
    |
438 | pub(crate) fn env_collect(defs: &[V], env: Env<'_>, out: &mut Vec<V>) {
    |               ^^^^^^^^^^^

warning: function `env_ext` is never used
   --> src\L12_canonical\bump_spine_iter.rs:451:15
    |
451 | pub(crate) fn env_ext<'a>(bump: &'a Bump, env: Env<'a>, v: V) -> Env<'a> {
    |               ^^^^^^^

warning: function `env_ext_defs` is never used
   --> src\L12_canonical\bump_spine_iter.rs:465:15
    |
465 | pub(crate) fn env_ext_defs<'a>(
    |               ^^^^^^^^^^^^

warning: fields `name`, `icit`, `env`, and `body` are never read
   --> src\L12_canonical\bump_spine_iter.rs:490:5
    |
489 | pub(crate) struct CloCell<'a> {
    |                   ------- fields in this struct
490 |     name: &'a str,
    |     ^^^^
491 |     icit: Icit,
    |     ^^^^
492 |     env: Env<'a>,
    |     ^^^
493 |     body: &'a Tm<'a>,
    |     ^^^^

warning: fields `name`, `icit`, `dom`, `env`, and `body` are never read
   --> src\L12_canonical\bump_spine_iter.rs:498:5
    |
497 | pub(crate) struct PiCell<'a> {
    |                   ------ fields in this struct
498 |     name: &'a str,
    |     ^^^^
499 |     icit: Icit,
    |     ^^^^
500 |     dom: V,
    |     ^^^
501 |     env: Env<'a>,
    |     ^^^
502 |     body: &'a Tm<'a>,
    |     ^^^^

warning: constant `HK_OTHER` is never used
   --> src\L12_canonical\bump_spine_iter.rs:523:7
    |
523 | const HK_OTHER: u8 = 0;
    |       ^^^^^^^^

warning: constant `HK_FLEX` is never used
   --> src\L12_canonical\bump_spine_iter.rs:524:7
    |
524 | const HK_FLEX: u8 = 1;
    |       ^^^^^^^

warning: constant `HK_OBJ` is never used
   --> src\L12_canonical\bump_spine_iter.rs:525:7
    |
525 | const HK_OBJ: u8 = 2;
    |       ^^^^^^

warning: struct `Entry` is never constructed
   --> src\L12_canonical\bump_spine_iter.rs:529:8
    |
529 | struct Entry {
    |        ^^^^^

warning: struct `Spine` is never constructed
   --> src\L12_canonical\bump_spine_iter.rs:539:19
    |
539 | pub(crate) struct Spine {
    |                   ^^^^^

warning: methods `push`, `spine_head`, `collect_args`, `spine_len`, and `flex_of` are never used
   --> src\L12_canonical\bump_spine_iter.rs:547:8
    |
543 | impl Spine {
    | ---------- methods in this implementation
...
547 |     fn push(&mut self, f: V, a: V, icit: Icit) -> V {
    |        ^^^^
...
570 |     fn spine_head(&self, h: usize) -> V {
    |        ^^^^^^^^^^
...
584 |     fn collect_args(&self, h: usize, out: &mut Vec<(V, Icit)>) {
    |        ^^^^^^^^^^^^
...
599 |     fn spine_len(&self, h: usize) -> usize {
    |        ^^^^^^^^^
...
615 |     fn flex_of(&self, v: V, out: &mut Vec<(V, Icit)>) -> Option<u32> {
    |        ^^^^^^^

warning: function `is_flex` is never used
   --> src\L12_canonical\bump_spine_iter.rs:635:4
    |
635 | fn is_flex(spine: &Spine, v: V) -> bool {
    |    ^^^^^^^

warning: struct `MetaSnap` is never constructed
   --> src\L12_canonical\bump_spine_iter.rs:649:19
    |
649 | pub(crate) struct MetaSnap<'a> {
    |                   ^^^^^^^^

warning: enum `MetaEntry` is never used
   --> src\L12_canonical\bump_spine_iter.rs:663:17
    |
663 | pub(crate) enum MetaEntry {
    |                 ^^^^^^^^^

warning: function `meta_unsolved` is never used
   --> src\L12_canonical\bump_spine_iter.rs:670:15
    |
670 | pub(crate) fn meta_unsolved<'a>(m: &MetaEntry) -> (V, &'a MetaSnap<'a>, V) {
    |               ^^^^^^^^^^^^^

warning: function `meta_val_of` is never used
   --> src\L12_canonical\bump_spine_iter.rs:682:4
    |
682 | fn meta_val_of(metas: &[MetaEntry], m: u32) -> V {
    |    ^^^^^^^^^^^

warning: function `lit_of` is never used
   --> src\L12_canonical\bump_spine_iter.rs:693:4
    |
693 | fn lit_of<'a>(v: V) -> Option<&'a str> {
    |    ^^^^^^

warning: function `project` is never used
   --> src\L12_canonical\bump_spine_iter.rs:706:4
    |
706 | fn project<'a>(v: V, name: &str) -> Option<V> {
    |    ^^^^^^^

warning: function `vapp1` is never used
   --> src\L12_canonical\bump_spine_iter.rs:735:4
    |
735 | fn vapp1<'a>(
    |    ^^^^^

warning: function `vapp_ok` is never used
   --> src\L12_canonical\bump_spine_iter.rs:772:4
    |
772 | fn vapp_ok(v: V) -> bool {
    |    ^^^^^^^

warning: function `force` is never used
   --> src\L12_canonical\bump_spine_iter.rs:794:4
    |
794 | fn force<'a>(
    |    ^^^^^

warning: function `eval_aux` is never used
   --> src\L12_canonical\bump_spine_iter.rs:873:4
    |
873 | fn eval_aux<'a>(
    |    ^^^^^^^^

warning: function `eval_aux_case` is never used
   --> src\L12_canonical\bump_spine_iter.rs:915:4
    |
915 | fn eval_aux_case<'a>(
    |    ^^^^^^^^^^^^^

warning: enum `W` is never used
   --> src\L12_canonical\bump_spine_iter.rs:970:6
    |
970 | enum W<'a> {
    |      ^

warning: function `eval_iter` is never used
    --> src\L12_canonical\bump_spine_iter.rs:1017:4
     |
1017 | fn eval_iter<'a>(
     |    ^^^^^^^^^

warning: enum `QJob` is never used
    --> src\L12_canonical\bump_spine_iter.rs:1470:6
     |
1470 | enum QJob<'a> {
     |      ^^^^

warning: type alias `QuoteMemo` is never used
    --> src\L12_canonical\bump_spine_iter.rs:1515:6
     |
1515 | type QuoteMemo<'a> = FxHashMap<(u64, u32), &'a Tm<'a>>;
     |      ^^^^^^^^^

warning: function `quote_iter` is never used
    --> src\L12_canonical\bump_spine_iter.rs:1520:4
     |
1520 | fn quote_iter<'a>(
     |    ^^^^^^^^^^

warning: static `NO_CONV_MEMO` is never used
    --> src\L12_canonical\bump_spine_iter.rs:1916:8
     |
1916 | static NO_CONV_MEMO: std::sync::LazyLock<std::sync::atomic::AtomicBool> =
     |        ^^^^^^^^^^^^

warning: struct `ConvScratch` is never constructed
    --> src\L12_canonical\bump_spine_iter.rs:1923:8
     |
1923 | struct ConvScratch {
     |        ^^^^^^^^^^^

warning: enum `UItem` is never used
    --> src\L12_canonical\bump_spine_iter.rs:1932:6
     |
1932 | enum UItem<'a> {
     |      ^^^^^

warning: type alias `DeclbEntry` is never used
    --> src\L12_canonical\bump_spine_iter.rs:1968:6
     |
1968 | type DeclbEntry<'a> = (Rc<Decls<'a>>, Rc<Decls<'a>>);
     |      ^^^^^^^^^^

warning: function `declb_of` is never used
    --> src\L12_canonical\bump_spine_iter.rs:1985:4
     |
1985 | fn declb_of<'a>(bump: &'a Bump, decl: &Rc<Decls<'a>>) -> Rc<Decls<'a>> {
     |    ^^^^^^^^

warning: function `is_objheaded` is never used
    --> src\L12_canonical\bump_spine_iter.rs:2024:4
     |
2024 | fn is_objheaded(spine: &Spine, v: V) -> bool {
     |    ^^^^^^^^^^^^

warning: function `intersect_bump` is never used
    --> src\L12_canonical\bump_spine_iter.rs:2037:4
     |
2037 | fn intersect_bump<'a>(
     |    ^^^^^^^^^^^^^^

warning: function `flex_flex_bump` is never used
    --> src\L12_canonical\bump_spine_iter.rs:2099:4
     |
2099 | fn flex_flex_bump<'a>(
     |    ^^^^^^^^^^^^^^

warning: function `unify_sp_lockstep` is never used
    --> src\L12_canonical\bump_spine_iter.rs:2140:4
     |
2140 | fn unify_sp_lockstep<'a>(
     |    ^^^^^^^^^^^^^^^^^

warning: function `rigid_lvl` is never used
    --> src\L12_canonical\bump_spine_iter.rs:2198:4
     |
2198 | fn rigid_lvl(spine: &Spine, v: V) -> Option<u32> {
     |    ^^^^^^^^^

warning: function `unify_iter` is never used
    --> src\L12_canonical\bump_spine_iter.rs:2233:4
     |
2233 | fn unify_iter<'a>(
     |    ^^^^^^^^^^

warning: struct `RenBuf` is never constructed
    --> src\L12_canonical\bump_spine_iter.rs:2796:8
     |
2796 | struct RenBuf {
     |        ^^^^^^

warning: constant `NONE_MARK` is never used
    --> src\L12_canonical\bump_spine_iter.rs:2804:7
     |
2804 | const NONE_MARK: u32 = u32::MAX;
     |       ^^^^^^^^^

warning: methods `reset`, `get`, `has_mark`, `set`, and `clone_valid` are never used
    --> src\L12_canonical\bump_spine_iter.rs:2809:8
     |
2806 | impl RenBuf {
     | ----------- methods in this implementation
...
2809 |     fn reset(&mut self) {
     |        ^^^^^
...
2814 |     fn get(&self, x: usize) -> Option<u32> {
     |        ^^^
...
2829 |     fn has_mark(&self, x: usize) -> bool {
     |        ^^^^^^^^
...
2833 |     fn set(&mut self, x: usize, v: u32) {
     |        ^^^
...
2846 |     fn clone_valid(&self) -> RenBuf {
     |        ^^^^^^^^^^^

warning: function `invert_bump` is never used
    --> src\L12_canonical\bump_spine_iter.rs:2869:4
     |
2869 | fn invert_bump<'a>(
     |    ^^^^^^^^^^^

warning: function `solve_with_pren_bump` is never used
    --> src\L12_canonical\bump_spine_iter.rs:2924:4
     |
2924 | fn solve_with_pren_bump<'a>(
     |    ^^^^^^^^^^^^^^^^^^^^

warning: function `solve_bump` is never used
    --> src\L12_canonical\bump_spine_iter.rs:2969:4
     |
2969 | fn solve_bump<'a>(
     |    ^^^^^^^^^^

warning: enum `RJob` is never used
    --> src\L12_canonical\bump_spine_iter.rs:2998:6
     |
2998 | enum RJob<'a> {
     |      ^^^^

warning: function `rename_iter` is never used
    --> src\L12_canonical\bump_spine_iter.rs:3019:4
     |
3019 | fn rename_iter<'a>(
     |    ^^^^^^^^^^^

warning: enum `SpinePruneStatus` is never used
    --> src\L12_canonical\bump_spine_iter.rs:3323:6
     |
3323 | enum SpinePruneStatus {
     |      ^^^^^^^^^^^^^^^^

warning: function `prune_vflex_bump` is never used
    --> src\L12_canonical\bump_spine_iter.rs:3333:4
     |
3333 | fn prune_vflex_bump<'a>(
     |    ^^^^^^^^^^^^^^^^

warning: function `prune_meta_bump` is never used
    --> src\L12_canonical\bump_spine_iter.rs:3400:4
     |
3400 | fn prune_meta_bump<'a>(
     |    ^^^^^^^^^^^^^^^

warning: function `prune_ty_bump` is never used
    --> src\L12_canonical\bump_spine_iter.rs:3453:4
     |
3453 | fn prune_ty_bump<'a>(
     |    ^^^^^^^^^^^^^

warning: function `alloc_xname` is never used
    --> src\L12_canonical\bump_spine_iter.rs:3510:4
     |
3510 | fn alloc_xname<'a>(bump: &'a Bump, n: u32) -> &'a str {
     |    ^^^^^^^^^^^

warning: function `lams_from_ty` is never used
    --> src\L12_canonical\bump_spine_iter.rs:3530:4
     |
3530 | fn lams_from_ty<'a>(
     |    ^^^^^^^^^^^^

warning: struct `Names` is never constructed
    --> src\L12_canonical\bump_spine_iter.rs:3579:8
     |
3579 | struct Names {
     |        ^^^^^

warning: struct `Machine` is never constructed
    --> src\L12_canonical\bump_spine_iter.rs:3592:19
     |
3592 | pub(crate) struct Machine {
     |                   ^^^^^^^

warning: multiple associated items are never used
    --> src\L12_canonical\bump_spine_iter.rs:3633:19
     |
3632 | impl Machine {
     | ------------ associated items in this implementation
3633 |     pub(crate) fn new() -> Self {
     |                   ^^^
...
3661 |     fn clear_round(&mut self) {
     |        ^^^^^^^^^^^
...
3677 |     fn bind_name<'a>(
     |        ^^^^^^^^^
...
3714 |     fn new_binder<'a>(
     |        ^^^^^^^^^^
...
3748 |     fn define_name<'a>(
     |        ^^^^^^^^^^^
...
3788 |     fn fake_bind<'a>(
     |        ^^^^^^^^^
...
3820 |     fn decl_reg<'a>(
     |        ^^^^^^^^
...
3856 |     fn new_meta<'a>(&mut self, bump: &'a Bump, cxt: &Cxt<'a>, a: V, origin_typ: V) -> u32 {
     |        ^^^^^^^^
...
3873 |     fn decl_reg_in<'a>(
     |        ^^^^^^^^^^^
...
3909 |     fn fresh_meta<'a>(&mut self, bump: &'a Bump, cxt: &Cxt<'a>, a: V) -> &'a Tm<'a> {
     |        ^^^^^^^^^^
...
3939 |     fn close_tm<'a>(
     |        ^^^^^^^^
...
3958 |     fn eval_fresh(&mut self, bump: &Bump, cxt: &Cxt<'_>, env: Env<'_>, m: &Tm<'_>) -> V {
     |        ^^^^^^^^^^
...
3976 |     fn eval<'a>(&mut self, bump: &'a Bump, cxt: &Cxt<'a>, env: Env<'a>, tm: &'a Tm<'a>) -> V {
     |        ^^^^
...
4001 |     fn quote<'a>(&mut self, bump: &'a Bump, cxt: &Cxt<'a>, level: u32, v: V) -> &'a Tm<'a> {
     |        ^^^^^
...
4048 |     fn quote_memo<'a>(&mut self, bump: &'a Bump, cxt: &Cxt<'a>, level: u32, v: V) -> &'a Tm<'a> {
     |        ^^^^^^^^^^
...
4098 |     fn unify<'a>(
     |        ^^^^^
...
4160 |     fn solve_multi_trait_ref<'a>(
     |        ^^^^^^^^^^^^^^^^^^^^^
...
4189 |     fn solve_trait_ref<'a>(
     |        ^^^^^^^^^^^^^^^
...
4286 |     fn unify_catch<'a>(
     |        ^^^^^^^^^^^
...
4316 |     fn force_v(&mut self, bump: &Bump, cxt: &Cxt<'_>, v: V) -> V {
     |        ^^^^^^^
...
4331 |     fn insert_go<'a>(
     |        ^^^^^^^^^
...
4355 |     fn insert_t<'a>(
     |        ^^^^^^^^
...
4366 |     fn insert<'a>(
     |        ^^^^^^
...
4381 |     fn insert_until_name<'a>(
     |        ^^^^^^^^^^^^^^^^^
...
4415 |     fn check<'a>(
     |        ^^^^^
...
4517 |     fn check_universe<'a>(
     |        ^^^^^^^^^^^^^^

warning: struct `TCons` is never constructed
    --> src\L12_canonical\bump_spine_iter.rs:4649:8
     |
4649 | struct TCons<'a> {
     |        ^^^^^

warning: struct `Cxt` is never constructed
    --> src\L12_canonical\bump_spine_iter.rs:4659:8
     |
4659 | struct Cxt<'a> {
     |        ^^^

warning: associated function `empty` is never used
    --> src\L12_canonical\bump_spine_iter.rs:4683:8
     |
4682 | impl<'a> Cxt<'a> {
     | ---------------- associated function in this implementation
4683 |     fn empty() -> Self {
     |        ^^^^^

warning: function `types_names_list` is never used
    --> src\L12_canonical\bump_spine_iter.rs:4700:4
     |
4700 | fn types_names_list(tys: Option<&TCons<'_>>) -> crate::list::List<SmolStr> {
     |    ^^^^^^^^^^^^^^^^

warning: function `has_free_var` is never used
    --> src\L12_canonical\bump_spine_iter.rs:4716:4
     |
4716 | fn has_free_var(t: &Tm<'_>) -> bool {
     |    ^^^^^^^^^^^^

warning: multiple methods are never used
    --> src\L12_canonical\bump_spine_iter.rs:4776:8
     |
4767 | impl Machine {
     | ------------ methods in this implementation
...
4776 |     fn unify_pm<'a>(
     |        ^^^^^^^^
...
4855 |     fn run_pure_probe<R>(&mut self, f: impl FnOnce(&mut Machine) -> R) -> R {
     |        ^^^^^^^^^^^^^^
...
4863 |     fn check_pm<'a>(
     |        ^^^^^^^^
...
4879 |     fn check_pm_final<'a>(
     |        ^^^^^^^^^^^^^^
...
4899 |     fn update_cxt<'a>(
     |        ^^^^^^^^^^
...
4913 |     fn update_cxt_impl<'a>(
     |        ^^^^^^^^^^^^^^^
...
4991 |     fn refresh<'a>(
     |        ^^^^^^^
...
5042 |     fn trait_wrap<'a>(
     |        ^^^^^^^^^^
...
5148 |     fn mk_no_object_err(
     |        ^^^^^^^^^^^^^^^^
...
5178 |     fn infer_expr<'a>(
     |        ^^^^^^^^^^
...
5510 |     fn infer_decl<'a>(
     |        ^^^^^^^^^^

warning: function `t_span_of` is never used
    --> src\L12_canonical\bump_spine_iter.rs:5854:4
     |
5854 | fn t_span_of(t: &Raw) -> crate::parser_lib::Span<()> {
     |    ^^^^^^^^^

warning: function `v_u0` is never used
    --> src\L12_canonical\bump_spine_iter.rs:5859:4
     |
5859 | fn v_u0() -> V {
     |    ^^^^

warning: function `clone_cxt` is never used
    --> src\L12_canonical\bump_spine_iter.rs:5864:4
     |
5864 | fn clone_cxt<'a>(cxt: &Cxt<'a>) -> Cxt<'a> {
     |    ^^^^^^^^^

warning: struct `TraitState` is never constructed
    --> src\L12_canonical\bump_spine_iter.rs:5881:19
     |
5881 | pub(crate) struct TraitState {
     |                   ^^^^^^^^^^

warning: function `v_to_ref_val` is never used
    --> src\L12_canonical\bump_spine_iter.rs:5897:15
     |
5897 | pub(crate) fn v_to_ref_val(spine: &Spine, defs: &[V], v: V) -> Arc<CVal> {
     |               ^^^^^^^^^^^^

warning: function `remaining_flatten` is never used
    --> src\L12_canonical\bump_spine_iter.rs:5999:4
     |
5999 | fn remaining_flatten<'a>(remaining: &mut Vec<Option<Arm<'a>>>) -> Vec<Arm<'a>> {
     |    ^^^^^^^^^^^^^^^^^

warning: function `chain_env` is never used
    --> src\L12_canonical\bump_spine_iter.rs:6004:4
     |
6004 | fn chain_env<'a>(bump: &'a Bump, slots: &[V]) -> Env<'a> {
     |    ^^^^^^^^^

warning: enum `DeclOut` is never used
    --> src\L12_canonical\bump_spine_iter.rs:6018:6
     |
6018 | enum DeclOut<'a> {
     |      ^^^^^^^

warning: type alias `Var` is never used
    --> src\L12_canonical\bump_spine_iter.rs:6029:6
     |
6029 | type Var = i32;
     |      ^^^

warning: enum `Warning` is never used
    --> src\L12_canonical\bump_spine_iter.rs:6032:17
     |
6032 | pub(crate) enum Warning {
     |                 ^^^^^^^

warning: struct `PatConstructor` is never constructed
    --> src\L12_canonical\bump_spine_iter.rs:6038:8
     |
6038 | struct PatConstructor {
     |        ^^^^^^^^^^^^^^

warning: associated items `new`, `clean`, `push`, and `new_level` are never used
    --> src\L12_canonical\bump_spine_iter.rs:6043:8
     |
6042 | impl PatConstructor {
     | ------------------- associated items in this implementation
6043 |     fn new() -> Self {
     |        ^^^
...
6047 |     fn clean(mut self) -> Self {
     |        ^^^^^
...
6063 |     fn push(self, detail: PatternDetail) -> Self {
     |        ^^^^
...
6069 |     fn new_level(mut self, index: usize) -> Self {
     |        ^^^^^^^^^

warning: struct `MatchArm` is never constructed
    --> src\L12_canonical\bump_spine_iter.rs:6076:8
     |
6076 | struct MatchArm {
     |        ^^^^^^^^

warning: enum `MatchContext` is never used
    --> src\L12_canonical\bump_spine_iter.rs:6082:6
     |
6082 | enum MatchContext {
     |      ^^^^^^^^^^^^

warning: struct `Arm` is never constructed
    --> src\L12_canonical\bump_spine_iter.rs:6095:8
     |
6095 | struct Arm<'a> {
     |        ^^^

warning: struct `Compiler` is never constructed
    --> src\L12_canonical\bump_spine_iter.rs:6107:19
     |
6107 | pub(crate) struct Compiler<'a> {
     |                   ^^^^^^^^

warning: multiple associated items are never used
    --> src\L12_canonical\bump_spine_iter.rs:6117:8
     |
6116 | impl<'a> Compiler<'a> {
     | --------------------- associated items in this implementation
6117 |     fn new(ret_type: V) -> Self {
     |        ^^^
...
6128 |     fn fresh(&mut self) -> i32 {
     |        ^^^^^
...
6133 |     fn fill_context(ctx: &MatchContext, pat: &Pattern) -> Pattern {
     |        ^^^^^^^^^^^^
...
6152 |     fn next_hole(ctx: &MatchContext, pat: &Pattern) -> MatchContext {
     |        ^^^^^^^^^
...
6180 |     fn filter_accessible_constrs(
     |        ^^^^^^^^^^^^^^^^^^^^^^^^^
...
6191 |     fn filter_accessible_constrs_inner(
     |        ^^^^^^^^^^^^^^^^^^^^^^^^^^^^^^^
...
6253 |     fn compile(
     |        ^^^^^^^
...
6313 |     fn compile_aux(
     |        ^^^^^^^^^^^
...
6324 |     fn compile_aux_inner(
     |        ^^^^^^^^^^^^^^^^^

warning: function `dbg_span_str` is never used
    --> src\L12_canonical\bump_spine_iter.rs:6763:4
     |
6763 | fn dbg_span_str(s: &str) -> String {
     |    ^^^^^^^^^^^^

warning: function `dbg_span_unit` is never used
    --> src\L12_canonical\bump_spine_iter.rs:6767:4
     |
6767 | fn dbg_span_unit() -> String {
     |    ^^^^^^^^^^^^^

warning: function `strconv_quote` is never used
    --> src\L12_canonical\bump_spine_iter.rs:6773:4
     |
6773 | fn strconv_quote(s: &str) -> String {
     |    ^^^^^^^^^^^^^

warning: function `debug_val` is never used
    --> src\L12_canonical\bump_spine_iter.rs:6792:4
     |
6792 | fn debug_val(spine: &Spine, defs: &[V], v: V) -> String {
     |    ^^^^^^^^^

warning: function `debug_spine` is never used
    --> src\L12_canonical\bump_spine_iter.rs:6798:4
     |
6798 | fn debug_spine(spine: &Spine, defs: &[V], h: usize, out: &mut String) {
     |    ^^^^^^^^^^^

warning: function `debug_val_go` is never used
    --> src\L12_canonical\bump_spine_iter.rs:6817:4
     |
6817 | fn debug_val_go(spine: &Spine, defs: &[V], v: V, out: &mut String) {
     |    ^^^^^^^^^^^^

warning: function `debug_icit` is never used
    --> src\L12_canonical\bump_spine_iter.rs:6974:4
     |
6974 | fn debug_icit(i: Icit) -> &'static str {
     |    ^^^^^^^^^^

warning: function `debug_pat_go` is never used
    --> src\L12_canonical\bump_spine_iter.rs:6981:4
     |
6981 | fn debug_pat_go(p: &PatternDetail, out: &mut String) {
     |    ^^^^^^^^^^^^

warning: function `debug_tm` is never used
    --> src\L12_canonical\bump_spine_iter.rs:7003:4
     |
7003 | fn debug_tm(t: &Tm<'_>) -> String {
     |    ^^^^^^^^

warning: function `debug_tm_go` is never used
    --> src\L12_canonical\bump_spine_iter.rs:7009:4
     |
7009 | fn debug_tm_go(t: &Tm<'_>, out: &mut String) {
     |    ^^^^^^^^^^^

warning: function `export` is never used
    --> src\L12_canonical\bump_spine_iter.rs:7150:4
     |
7150 | fn export(t: &Tm<'_>) -> CTm {
     |    ^^^^^^

warning: function `tm_size` is never used
    --> src\L12_canonical\bump_spine_iter.rs:7348:4
     |
7348 | fn tm_size(t: &Tm<'_>) -> u64 {
     |    ^^^^^^^

warning: methods `prime_round` and `elab_all` are never used
    --> src\L12_canonical\bump_spine_iter.rs:7413:8
     |
7406 | impl Machine {
     | ------------ methods in this implementation
...
7413 |     fn prime_round<'a>(&mut self, bump: &'a Bump) -> Cxt<'a> {
     |        ^^^^^^^^^^^
...
7657 |     fn elab_all<'a>(
     |        ^^^^^^^^

warning: function `no_metas` is never used
    --> src\L12_canonical\bump_spine_iter.rs:7681:4
     |
7681 | fn no_metas<'a>(
     |    ^^^^^^^^

warning: function `err_unsolved_meta` is never used
    --> src\L12_canonical\bump_spine_iter.rs:7742:4
     |
7742 | fn err_unsolved_meta<'a>(
     |    ^^^^^^^^^^^^^^^^^

warning: struct `Tycker` is never constructed
    --> src\L12_canonical\bump_spine_iter.rs:7820:19
     |
7820 | pub(crate) struct Tycker {
     |                   ^^^^^^

warning: multiple associated items are never used
    --> src\L12_canonical\bump_spine_iter.rs:7826:19
     |
7825 | impl Tycker {
     | ----------- associated items in this implementation
7826 |     pub(crate) fn new() -> Self {
     |                   ^^^
...
7838 |     pub(crate) fn run_decls(&mut self, ast: &[Decl]) -> Result<String, Error> {
     |                   ^^^^^^^^^
...
7861 |     pub(crate) fn run_input(&mut self, input: &str, path_id: u32) -> Result<String, Error> {
     |                   ^^^^^^^^^
...
7871 |     pub(crate) fn bench_check(&mut self, ast: &[Decl]) -> bool {
     |                   ^^^^^^^^^^^
...
7880 |     pub(crate) fn bench_check_nf(&mut self, ast: &[Decl]) -> u64 {
     |                   ^^^^^^^^^^^^^^
...
7885 |     pub(crate) fn bench_check_nf_memo(&mut self, ast: &[Decl]) -> u64 {
     |                   ^^^^^^^^^^^^^^^^^^^
...
7889 |     fn bench_nf_impl(&mut self, ast: &[Decl], use_memo: bool) -> u64 {
     |        ^^^^^^^^^^^^^

warning: function `run_fast` is never used
    --> src\L12_canonical\bump_spine_iter.rs:7910:15
     |
7910 | pub(crate) fn run_fast(input: &str, path_id: u32) -> Result<String, Error> {
     |               ^^^^^^^^

warning: function `parse` is never used
    --> src\L12_canonical\bump_spine_iter.rs:7917:15
     |
7917 | pub(crate) fn parse(input: &str, path_id: u32) -> Result<Vec<Decl>, String> {
     |               ^^^^^

warning: type alias `SourceDecl` is never used
    --> src\L12_canonical\bump_spine_iter.rs:7925:17
     |
7925 | pub(crate) type SourceDecl = Decl;
     |                 ^^^^^^^^^^

warning: function `church_src` is never used
    --> src\L12_canonical\bump_spine_iter.rs:7939:15
     |
7939 | pub(crate) fn church_src(k: u32) -> String {
     |               ^^^^^^^^^^

warning: function `natadd_src` is never used
    --> src\L12_canonical\bump_spine_iter.rs:7959:15
     |
7959 | pub(crate) fn natadd_src(k: u32) -> String {
     |               ^^^^^^^^^^

warning: function `gadt_src` is never used
    --> src\L12_canonical\bump_spine_iter.rs:7983:15
     |
7983 | pub(crate) fn gadt_src() -> String {
     |               ^^^^^^^^

warning: function `strchain_src` is never used
    --> src\L12_canonical\bump_spine_iter.rs:8024:15
     |
8024 | pub(crate) fn strchain_src(k: u32) -> String {
     |               ^^^^^^^^^^^^

warning: function `match_src` is never used
    --> src\L12_canonical\bump_spine_iter.rs:8036:15
     |
8036 | pub(crate) fn match_src(k: u32) -> String {
     |               ^^^^^^^^^

warning: function `enum_src` is never used
    --> src\L12_canonical\bump_spine_iter.rs:8051:15
     |
8051 | pub(crate) fn enum_src() -> String {
     |               ^^^^^^^^

warning: function `struct_src` is never used
    --> src\L12_canonical\bump_spine_iter.rs:8110:15
     |
8110 | pub(crate) fn struct_src(k: u32) -> String {
     |               ^^^^^^^^^^

warning: enum `BD` is never used
   --> src\L13_namespace\mod.rs:339:6
    |
339 | enum BD {
    |      ^^

warning: fields `list_other_nodes`, `smolstr_unique`, and `smolstr_heap_est` are never read
    --> src\L13_namespace\mod.rs:1625:5
     |
1617 | struct DetailCounts {
     |        ------------ fields in this struct
...
1625 |     list_other_nodes: usize,
     |     ^^^^^^^^^^^^^^^^
1626 |     smolstr_unique: usize,
     |     ^^^^^^^^^^^^^^
1627 |     smolstr_heap_est: usize,
     |     ^^^^^^^^^^^^^^^^

warning: methods `walk_tm` and `count_smolstr` are never used
    --> src\L13_namespace\mod.rs:1706:8
     |
1633 | impl DetailCounts {
     | ----------------- methods in this implementation
...
1706 |     fn walk_tm(&mut self, tm: &Rc<Tm>, visited: &mut std::collections::HashSet<usize>) {
     |        ^^^^^^^
...
1865 |     fn count_smolstr(&mut self, s: &SmolStr, visited: &mut std::collections::HashSet<usize>) {
     |        ^^^^^^^^^^^^^

warning: function `tm_size_ref` is never used
    --> src\L13_namespace\mod.rs:4171:15
     |
4171 | pub(crate) fn tm_size_ref(t: &Tm) -> u64 {
     |               ^^^^^^^^^^^

warning: function `bench_check` is never used
    --> src\L13_namespace\mod.rs:4229:15
     |
4229 | pub(crate) fn bench_check(decls: &[parser::syntax::Decl]) -> bool {
     |               ^^^^^^^^^^^

warning: function `bench_check_nf` is never used
    --> src\L13_namespace\mod.rs:4243:15
     |
4243 | pub(crate) fn bench_check_nf(decls: &[parser::syntax::Decl]) -> u64 {
     |               ^^^^^^^^^^^^^^

warning: function `bench_check_nf_bounded` is never used
    --> src\L13_namespace\mod.rs:4276:15
     |
4276 | pub(crate) fn bench_check_nf_bounded(
     |               ^^^^^^^^^^^^^^^^^^^^^^

warning: function `bench_check_first_err_bounded` is never used
    --> src\L13_namespace\mod.rs:4314:15
     |
4314 | pub(crate) fn bench_check_first_err_bounded(
     |               ^^^^^^^^^^^^^^^^^^^^^^^^^^^^^

warning: function `tm_lam` is never used
   --> src\L13_namespace\cxt.rs:623:15
    |
623 | pub(super) fn tm_lam(names: &[&str], inner: Rc<Tm>) -> Rc<Tm> {
    |               ^^^^^^

warning: function `skip_until_inner` is never used
  --> src\L13_namespace\parser\mod.rs:45:4
   |
45 | fn skip_until_inner<'a: 'b, 'b>(kind: TokenKind) -> impl Fn(&'b [TokenNode<'a>]) -> &'b [TokenNode<'a>] + Copy {
   |    ^^^^^^^^^^^^^^^^

warning: type alias `Var` is never used
  --> src\L13_namespace\pattern_match.rs:14:6
   |
14 | type Var = i32;
   |      ^^^

warning: fields `goal`, `instances`, `index`, and `assertion_idx` are never read
  --> src\L13_namespace\typeclass.rs:31:5
   |
30 | pub struct GeneratorNode {
   |            ------------- fields in this struct
31 |     goal: Assertion,
   |     ^^^^
32 |     instances: Vec<Instance>,
   |     ^^^^^^^^^
33 |     index: usize,
   |     ^^^^^
34 |     assertion_idx: usize,
   |     ^^^^^^^^^^^^^
   |
   = note: `GeneratorNode` has derived impls for the traits `Clone` and `Debug`, but these are intentionally ignored during dead code analysis

warning: fields `goal`, `subgoals`, `lvl`, and `assertion_idx` are never read
  --> src\L13_namespace\typeclass.rs:41:5
   |
40 | pub struct ConsumerNode {
   |            ------------ fields in this struct
41 |     goal: Assertion,
   |     ^^^^
42 |     subgoals: List<Assertion>,
   |     ^^^^^^^^
43 |     lvl: Span<SmolStr>,
   |     ^^^
44 |     assertion_idx: usize,
   |     ^^^^^^^^^^^^^
   |
   = note: `ConsumerNode` has derived impls for the traits `Clone` and `Debug`, but these are intentionally ignored during dead code analysis

warning: variants `Root` and `ConsumerNode` are never constructed
  --> src\L13_namespace\typeclass.rs:56:5
   |
55 | pub enum Waiter {
   |          ------ variants in this enum
56 |     Root,
   |     ^^^^
57 |     ConsumerNode(ConsumerNode),
   |     ^^^^^^^^^^^^
   |
   = note: `Waiter` has derived impls for the traits `Clone` and `Debug`, but these are intentionally ignored during dead code analysis

warning: field `waiters` is never read
  --> src\L13_namespace\typeclass.rs:73:9
   |
72 | pub struct TableEntry {
   |            ---------- field in this struct
73 |     pub waiters: Vec<Waiter>,
   |         ^^^^^^^
   |
   = note: `TableEntry` has derived impls for the traits `Clone` and `Debug`, but these are intentionally ignored during dead code analysis

warning: function `uncons` is never used
   --> src\L13_namespace\typeclass.rs:115:4
    |
115 | fn uncons<T: Clone>(xs: &List<T>) -> Option<(T, List<T>)> {
    |    ^^^^^^

warning: multiple associated items are never used
   --> src\L13_namespace\typeclass.rs:134:12
    |
133 | impl Synth {
    | ---------- associated items in this implementation
134 |     pub fn new() -> Self {
    |            ^^^
...
460 |     fn try_answer(&mut self, subgoal: &Assertion, answer: &Assertion) -> bool {
    |        ^^^^^^^^^^
...
470 |     fn try_resolve(
    |        ^^^^^^^^^^^
...
510 |     fn find_assertion_entry(&self, target: &Assertion) -> Option<usize> {
    |        ^^^^^^^^^^^^^^^^^^^^
...
520 |     pub fn synth(&mut self, assertion: Assertion) -> Option<Span<SmolStr>> {
    |            ^^^^^
...
576 |     fn new_subgoal(&mut self, subgoal: &Assertion, waiter: &Waiter) {
    |        ^^^^^^^^^^^
...
595 |     fn consume(&mut self, consumer_node: ConsumerNode) {
    |        ^^^^^^^

warning: function `meta_unsolved` is never used
    --> src\L13_namespace\bump_spine_iter.rs:1024:15
     |
1024 | pub(crate) fn meta_unsolved<'a>(m: &MetaEntry) -> (V, &'a MetaSnap<'a>, V, crate::parser_lib::Span<()>) {
     |               ^^^^^^^^^^^^^

warning: function `project` is never used
    --> src\L13_namespace\bump_spine_iter.rs:1060:4
     |
1060 | fn project<'a>(v: V, name: &str) -> Option<V> {
     |    ^^^^^^^

warning: methods `ns_method_keys_for` and `quote_memo` are never used
    --> src\L13_namespace\bump_spine_iter.rs:6271:8
     |
5848 | impl Machine {
     | ------------ methods in this implementation
...
6271 |     fn ns_method_keys_for(&mut self, head: Option<&NsCons<'_>>) -> FxHashSet<SmolStr> {
     |        ^^^^^^^^^^^^^^^^^^
...
6635 |     fn quote_memo<'a>(&mut self, bump: &'a Bump, cxt: &Cxt<'a>, level: u32, v: V) -> &'a Tm<'a> {
     |        ^^^^^^^^^^

warning: method `update_cxt` is never used
    --> src\L13_namespace\bump_spine_iter.rs:7936:8
     |
7794 | impl Machine {
     | ------------ method in this implementation
...
7936 |     fn update_cxt<'a>(
     |        ^^^^^^^^^^

warning: function `t_span_of` is never used
     --> src\L13_namespace\bump_spine_iter.rs:10608:4
      |
10608 | fn t_span_of(t: &Raw) -> crate::parser_lib::Span<()> {
      |    ^^^^^^^^^

warning: field `name` is never read
     --> src\L13_namespace\bump_spine_iter.rs:10864:11
      |
10864 |     Def { name: &'a str },
      |     ---   ^^^^
      |     |
      |     field in this variant

warning: field `0` is never read
     --> src\L13_namespace\bump_spine_iter.rs:10867:13
      |
10867 |     Println(&'a Tm<'a>, crate::parser_lib::Span<()>, String),
      |     ------- ^^^^^^^^^^
      |     |
      |     field in this variant
      |
help: consider changing the field to be of unit type to suppress this warning while preserving the field numbering, or remove the field
      |
10867 -     Println(&'a Tm<'a>, crate::parser_lib::Span<()>, String),
10867 +     Println((), crate::parser_lib::Span<()>, String),
      |

warning: function `dbg_span_unit` is never used
     --> src\L13_namespace\bump_spine_iter.rs:11888:4
      |
11888 | fn dbg_span_unit() -> String {
      |    ^^^^^^^^^^^^^

warning: function `strconv_quote` is never used
     --> src\L13_namespace\bump_spine_iter.rs:11894:4
      |
11894 | fn strconv_quote(s: &str) -> String {
      |    ^^^^^^^^^^^^^

warning: function `debug_tm` is never used
     --> src\L13_namespace\bump_spine_iter.rs:12125:4
      |
12125 | fn debug_tm(t: &Tm<'_>) -> String {
      |    ^^^^^^^^

warning: function `tm_size` is never used
     --> src\L13_namespace\bump_spine_iter.rs:12530:4
      |
12530 | fn tm_size(t: &Tm<'_>) -> u64 {
      |    ^^^^^^^

warning: method `elab_all` is never used
     --> src\L13_namespace\bump_spine_iter.rs:12770:8
      |
12591 | impl Machine {
      | ------------ method in this implementation
...
12770 |     fn elab_all<'a>(
      |        ^^^^^^^^

warning: field `metas` is never read
     --> src\L13_namespace\bump_spine_iter.rs:13022:5
      |
13008 | struct Resident {
      |        -------- field in this struct
...
13022 |     metas: Vec<MetaEntry>,
      |     ^^^^^

warning: methods `bench_check`, `bench_check_nf`, `bench_check_nf_memo`, `bench_nf_impl`, and `bench_check_nf_bounded` are never used
     --> src\L13_namespace\bump_spine_iter.rs:13703:19
      |
13091 | impl Tycker {
      | ----------- methods in this implementation
...
13703 |     pub(crate) fn bench_check(&mut self, ast: &[Decl]) -> bool {
      |                   ^^^^^^^^^^^
...
13714 |     pub(crate) fn bench_check_nf(&mut self, ast: &[Decl]) -> u64 {
      |                   ^^^^^^^^^^^^^^
...
13719 |     pub(crate) fn bench_check_nf_memo(&mut self, ast: &[Decl]) -> u64 {
      |                   ^^^^^^^^^^^^^^^^^^^
...
13723 |     fn bench_nf_impl(&mut self, ast: &[Decl], use_memo: bool) -> u64 {
      |        ^^^^^^^^^^^^^
...
13747 |     pub(crate) fn bench_check_nf_bounded(&mut self, ast: &[Decl], nat_after: &[usize]) -> u64 {
      |                   ^^^^^^^^^^^^^^^^^^^^^^

warning: function `run_fast` is never used
     --> src\L13_namespace\bump_spine_iter.rs:13783:15
      |
13783 | pub(crate) fn run_fast(input: &str, path_id: u32) -> Result<String, Error> {
      |               ^^^^^^^^

warning: type alias `SourceDecl` is never used
     --> src\L13_namespace\bump_spine_iter.rs:13798:17
      |
13798 | pub(crate) type SourceDecl = Decl;
      |                 ^^^^^^^^^^

warning: function `church_src` is never used
     --> src\L13_namespace\bump_spine_iter.rs:13814:15
      |
13814 | pub(crate) fn church_src(k: u32) -> String {
      |               ^^^^^^^^^^

warning: function `natadd_src` is never used
     --> src\L13_namespace\bump_spine_iter.rs:13829:15
      |
13829 | pub(crate) fn natadd_src(k: u32) -> String {
      |               ^^^^^^^^^^

warning: function `gadt_src` is never used
     --> src\L13_namespace\bump_spine_iter.rs:13853:15
      |
13853 | pub(crate) fn gadt_src() -> String {
      |               ^^^^^^^^

warning: function `strchain_src` is never used
     --> src\L13_namespace\bump_spine_iter.rs:13894:15
      |
13894 | pub(crate) fn strchain_src(k: u32) -> String {
      |               ^^^^^^^^^^^^

warning: function `match_src` is never used
     --> src\L13_namespace\bump_spine_iter.rs:13906:15
      |
13906 | pub(crate) fn match_src(k: u32) -> String {
      |               ^^^^^^^^^

warning: function `enum_src` is never used
     --> src\L13_namespace\bump_spine_iter.rs:13930:15
      |
13930 | pub(crate) fn enum_src() -> String {
      |               ^^^^^^^^

warning: function `moduletree_src` is never used
     --> src\L13_namespace\bump_spine_iter.rs:13992:15
      |
13992 | pub(crate) fn moduletree_src() -> String {
      |               ^^^^^^^^^^^^^^

warning: function `struct_src` is never used
     --> src\L13_namespace\bump_spine_iter.rs:14031:15
      |
14031 | pub(crate) fn struct_src(k: u32) -> String {
      |               ^^^^^^^^^^

warning: module `L02_tyck` should have a snake case name
  --> src\lib.rs:22:5
   |
22 | mod L02_tyck;
   |     ^^^^^^^^ help: convert the identifier to snake case: `l02_tyck`
   |
   = note: `#[warn(non_snake_case)]` (part of `#[warn(nonstandard_style)]`) on by default

warning: module `L03_holes` should have a snake case name
  --> src\lib.rs:23:5
   |
23 | mod L03_holes;
   |     ^^^^^^^^^ help: convert the identifier to snake case: `l03_holes`

warning: module `L04_implicit` should have a snake case name
  --> src\lib.rs:24:5
   |
24 | mod L04_implicit;
   |     ^^^^^^^^^^^^ help: convert the identifier to snake case: `l04_implicit`

warning: module `L05_pruning` should have a snake case name
  --> src\lib.rs:25:5
   |
25 | mod L05_pruning;
   |     ^^^^^^^^^^^ help: convert the identifier to snake case: `l05_pruning`

warning: module `L06_string` should have a snake case name
  --> src\lib.rs:26:5
   |
26 | mod L06_string;
   |     ^^^^^^^^^^ help: convert the identifier to snake case: `l06_string`

warning: module `L07_sum_type` should have a snake case name
  --> src\lib.rs:27:9
   |
27 | pub mod L07_sum_type;
   |         ^^^^^^^^^^^^ help: convert the identifier to snake case: `l07_sum_type`

warning: module `L08_product_type` should have a snake case name
  --> src\lib.rs:28:9
   |
28 | pub mod L08_product_type;
   |         ^^^^^^^^^^^^^^^^ help: convert the identifier to snake case: `l08_product_type`

warning: module `L09_mltt` should have a snake case name
  --> src\lib.rs:29:5
   |
29 | mod L09_mltt;
   |     ^^^^^^^^ help: convert the identifier to snake case: `l09_mltt`

warning: module `L10_typeclass` should have a snake case name
  --> src\lib.rs:30:5
   |
30 | mod L10_typeclass;
   |     ^^^^^^^^^^^^^ help: convert the identifier to snake case: `l10_typeclass`

warning: module `L11_macro` should have a snake case name
  --> src\lib.rs:31:5
   |
31 | mod L11_macro;
   |     ^^^^^^^^^ help: convert the identifier to snake case: `l11_macro`

warning: module `L12_canonical` should have a snake case name
  --> src\lib.rs:32:9
   |
32 | pub mod L12_canonical;
   |         ^^^^^^^^^^^^^ help: convert the identifier to snake case: `l12_canonical`

warning: module `L13_namespace` should have a snake case name
  --> src\lib.rs:33:9
   |
33 | pub mod L13_namespace;
   |         ^^^^^^^^^^^^^ help: convert the identifier to snake case: `l13_namespace`

warning: using `.clone()` on a double reference, which returns `&smol_str::SmolStr` instead of cloning the inner type
    --> src\L12_canonical\elaboration.rs:1032:36
     |
1032 | ...                   name: x.clone().clone(),
     |                              ^^^^^^^^
     |
     = note: `#[warn(suspicious_double_ref_op)]` on by default

warning: using `.clone()` on a double reference, which returns `&smol_str::SmolStr` instead of cloning the inner type
    --> src\L12_canonical\elaboration.rs:1075:36
     |
1075 | ...                   name: x.clone().clone(),
     |                              ^^^^^^^^

warning: for loop over an `Option`. This is more readably written as an `if let` statement
    --> src\L12_canonical\parser\mod.rs:1389:30
     |
1389 |                 for items in clause {
     |                              ^^^^^^
     |
     = note: `#[warn(for_loops_over_fallibles)]` on by default
help: to check pattern in a loop use `while let`
     |
1389 -                 for items in clause {
1389 +                 while let Some(items) = clause {
     |
help: consider using `if let` to clear intent
     |
1389 -                 for items in clause {
1389 +                 if let Some(items) = clause {
     |

warning: variable `MetaEntry_sz` should have a snake case name
    --> src\L13_namespace\mod.rs:1932:13
     |
1932 |         let MetaEntry_sz = std::mem::size_of::<MetaEntry>();
     |             ^^^^^^^^^^^^ help: convert the identifier to snake case: `meta_entry_sz`

warning: for loop over an `Option`. This is more readably written as an `if let` statement
    --> src\L13_namespace\parser\mod.rs:1505:30
     |
1505 |                 for items in clause {
     |                              ^^^^^^
     |
help: to check pattern in a loop use `while let`
     |
1505 -                 for items in clause {
1505 +                 while let Some(items) = clause {
     |
help: consider using `if let` to clear intent
     |
1505 -                 for items in clause {
1505 +                 if let Some(items) = clause {
     |

warning: `elaboration-zoo-lsp` (lib test) generated 1261 warnings (run `cargo fix --lib -p elaboration-zoo-lsp --tests` to apply 167 suggestions)
    Finished `test` profile [optimized + debuginfo] target(s) in 48.72s
     Running unittests src\lib.rs (target\debug\deps\elaboration_zoo_lsp-b6d80949edb14873.exe)

running 45 tests
test L07_sum_type::tests::struct_eq_vsub_pointer_identity ... ok
test L07_sum_type::tests::subst_chain_semantics ... ok
test L07_sum_type::parser::lex::test ... ok
test L07_sum_type::parser::test_whole_file_fail ... ok
test L07_sum_type::tests::subst_lookup_conditional_wrap ... ok
test L07_sum_type::tests::force_arg_unwraps_nested_vsub ... ok
test L07_sum_type::parser::test_leftover_located ... ok
test L07_sum_type::parser::test_ok ... ok
test L07_sum_type::tests::test_decl_table_and_globals ... ok
test L07_sum_type::tests::test_catch_all_mixed ... ok
test L07_sum_type::tests::test_dependent_match ... ok
test L07_sum_type::tests::test_eq_add_succ_right ... ok
test L07_sum_type::tests::test_eq_add_zero_right ... ok
test L07_sum_type::tests::test_eq_add_assoc ... ok
test L07_sum_type::tests::test_dependent_match_nested_eval ... ok
test L07_sum_type::tests::test_basic ... ok
test L07_sum_type::tests::test_fn_typed_index_slot_applied_after_refine ... ok
test L07_sum_type::tests::test_eq_mul_zero_right ... ok
test L07_sum_type::tests::test_eq_reasoning ... ok
test L07_sum_type::tests::test_demo ... ok
test L07_sum_type::tests::test_get_global_missing_stays_stuck ... ok
test L07_sum_type::tests::test_gadt_unreachable_err ... ok
test L07_sum_type::tests::test_gadt_accessible ... ok
test L07_sum_type::tests::test_eq_mul_one_right ... ok
test L07_sum_type::tests::test_missing_case_err ... ok
test L07_sum_type::tests::test_eq_add_comm ... ok
test L07_sum_type::tests::test_file_io_builtins ... ok
test L07_sum_type::tests::test_generic_match ... ok
test L07_sum_type::tests::test_index_equality ... ok
test L07_sum_type::tests::test_hole_in_branch ... ok
test L07_sum_type::tests::test_bits_adder ... ok
test L07_sum_type::tests::test_nested_patterns ... ok
test L07_sum_type::tests::test_string_builtins ... ok
test L07_sum_type::tests::test_registered_prim_not_loosely_string ... ok
test L07_sum_type::tests::test_index ... ok
test L07_sum_type::tests::test_projection_typing ... ok
test L07_sum_type::tests::test_nested_pattern_outer_ref ... ok
test L07_sum_type::tests::test_recursive_defs ... ok
test L07_sum_type::tests::test_string_to_global_type ... ok
test L07_sum_type::tests::test_stuck_prim_not_unconditionally_equal ... ok
test L07_sum_type::tests::test_stuck_match_applied_with_outer_binder ... ok
test L07_sum_type::tests::test_stuck_match_splice ... ok
test L07_sum_type::tests::test_stuck_match_unify ... ok
test L07_sum_type::tests::test_lambda_calculus_and_strings ... ok
test L07_sum_type::tests::test_deep_pattern_fuel_budget_regression ... ok

test result: ok. 45 passed; 0 failed; 0 ignored; 0 measured; 664 filtered out; finished in 1.76s

